"country","city","district","latam","date","days_since_o","chilean_pop_country","population_city","diaspora_mob","organiser","language","spanish","spanish2","eyes_covered","flag_chile","flag_mapuche","18-O_signs","modified","pacos","carabineros_anthem","squat","pointing_fingers","similarity_index","newseng","newssp","source","second source","population"
"Albania","Tirana",NA,0,"2019/12/23 00:00:00",33,0,315196,0,2,"Albanian",0,"0","0","0","0","0","0",NA,"0","1","1",0.125,NA,"0","https://www.facebook.com/dhunuesijeti.19/videos/170680700682926/?d=n&_rdc=1&_rdr",NA,2854191
"Algeria","Bejaia",NA,0,"2020/01/11 00:00:00",52,0,177988,0,3,"Arabic",0,"0","1","0","0","0",".",NA,NA,NA,"1",0.125,"0","0","https://twitter.com/RafYassine/status/1216034860080533509",NA,42705368
"Argentina","Cordoba",NA,1,"2019/11/29 00:00:00",NA,NA,NA,NA,2,NA,NA,NA,NA,NA,NA,NA,NA,NA,NA,NA,NA,NA,NA,NA,"https://www.facebook.com/watch/?v=443980389857968&_rdc=1&_rdr",NA,44938712
"Argentina","Buenos Aires",NA,1,"2019/11/30 00:00:00",NA,NA,NA,NA,1,NA,NA,NA,NA,NA,NA,NA,NA,NA,NA,NA,NA,NA,NA,NA,"https://twitter.com/RedEco_Ar/status/1200560751775277061?s=20",NA,44938712
"Argentina","Mendoza",NA,1,"2019/12/02 00:00:00",NA,NA,NA,NA,2,NA,NA,NA,NA,NA,NA,NA,NA,NA,NA,NA,NA,NA,NA,NA,"https://www.youtube.com/watch?v=ZgFXAAEwAmc&t=3s",NA,44938712
"Argentina","La Plata",NA,1,"2019/12/03 00:00:00",NA,NA,NA,NA,2,NA,NA,NA,NA,NA,NA,NA,NA,NA,NA,NA,NA,NA,NA,NA,"https://www.facebook.com/watch/?v=708848319604666",NA,44938712
"Argentina","Tilcara",NA,1,"2019/12/04 00:00:00",NA,NA,NA,NA,2,NA,NA,NA,NA,NA,NA,NA,NA,NA,NA,NA,NA,NA,NA,NA,"https://www.youtube.com/watch?v=AGgiquSa0a0",NA,44938712
"Argentina","Tafi Viejo",NA,1,"2019/12/04 00:00:00",NA,NA,NA,NA,2,NA,NA,NA,NA,NA,NA,NA,NA,NA,NA,NA,NA,NA,NA,NA,"https://www.tafiviejo.gob.ar/noticia/archivo/50380/mujeres-taficenas-se-suman-a-la-performance-la-culpa-no-era-mia",NA,44938712
"Argentina","Neuquen",NA,1,"2019/12/05 00:00:00",NA,NA,NA,NA,2,NA,NA,NA,NA,NA,NA,NA,NA,NA,NA,NA,NA,NA,NA,NA,"https://www.youtube.com/watch?v=W11viLXunbo&t=2s",NA,44938712
"Argentina","Santa Fe",NA,1,"2019/12/05 00:00:00",NA,NA,NA,NA,2,NA,NA,NA,NA,NA,NA,NA,NA,NA,NA,NA,NA,NA,NA,NA,"https://www.youtube.com/watch?v=B2BK4FexBrA",NA,44938712
"Argentina","San Carlos de Bariloche",NA,1,"2019/12/05 00:00:00",NA,NA,NA,NA,2,NA,NA,NA,NA,NA,NA,NA,NA,NA,NA,NA,NA,NA,NA,NA,"https://cronicavecinal.com.ar/2019/12/05/mujeres-de-bariloche-realizaron-la-intervencion-artistica-un-violador-en-tu-camino/?fbclid=IwAR1vuC3HG-h8OavjuVwW2FCWPBvIUwkvV1ZUEQluej-XDci0Y5oJSdKSsGM",NA,44938712
"Argentina","Villa Gesell",NA,1,"2019/12/07 00:00:00",NA,NA,NA,NA,2,NA,NA,NA,NA,NA,NA,NA,NA,NA,NA,NA,NA,NA,NA,NA,"https://www.youtube.com/watch?v=IOmVSKdhnNY",NA,44938712
"Argentina","Bahia Blanca",NA,1,"2019/12/07 00:00:00",NA,NA,NA,NA,2,NA,NA,NA,NA,NA,NA,NA,NA,NA,NA,NA,NA,NA,NA,NA,"https://www.youtube.com/watch?v=8QZAMrH3yfE&t=1s",NA,44938712
"Argentina","Resistencia",NA,1,"2019/12/07 00:00:00",NA,NA,NA,NA,2,NA,NA,NA,NA,NA,NA,NA,NA,NA,NA,NA,NA,NA,NA,NA,"https://www.facebook.com/diariochaco/videos/586331912135113",NA,44938712
"Argentina","Ushuaia",NA,1,"2019/12/08 00:00:00",NA,NA,NA,NA,2,NA,NA,NA,NA,NA,NA,NA,NA,NA,NA,NA,NA,NA,NA,NA,"https://www.youtube.com/watch?v=pGfoyJ8wUO0&fbclid=IwAR2l9utKgh6TaZcx6ZE5QnPIwBy7NkIqDO6AaGcVZqSrnvkrtMGTNkMkDLE",NA,44938712
"Argentina","San Juan",NA,1,"2019/12/08 00:00:00",NA,NA,NA,NA,2,NA,NA,NA,NA,NA,NA,NA,NA,NA,NA,NA,NA,NA,NA,NA,"https://www.facebook.com/watch/?v=457443424912541",NA,44938712
"Argentina","Salta",NA,1,"2019/12/09 00:00:00",NA,NA,NA,NA,2,NA,NA,NA,NA,NA,NA,NA,NA,NA,NA,NA,NA,NA,NA,NA,"https://www.youtube.com/watch?v=Kh-8CWAiCDU&t=1s",NA,44938712
"Argentina","San Salvador de Jujuy",NA,1,"2019/12/09 00:00:00",NA,NA,NA,NA,2,NA,NA,NA,NA,NA,NA,NA,NA,NA,NA,NA,NA,NA,NA,NA,"https://www.facebook.com/eltribunojujuy/videos/736997570121252",NA,44938712
"Argentina","Lujan",NA,1,"2019/12/10 00:00:00",NA,NA,NA,NA,2,NA,NA,NA,NA,NA,NA,NA,NA,NA,NA,NA,NA,NA,NA,NA,"https://www.instagram.com/tv/B530wOaBfIM/?igshid=16vfz2i551hpo&fbclid=IwAR26XNB-sl_5qb2YyoYKY-LUOVZNQ77nx3xL56HNkP1jHXjbvuMttwRlEpo",NA,44938712
"Argentina","Comodoro Rivadavi","Chubut",1,"2019/12/12 00:00:00",NA,NA,NA,NA,2,NA,NA,NA,NA,NA,NA,NA,NA,NA,NA,NA,NA,NA,NA,NA,"https://www.eldiarionuevodia.com.ar/local/politica/2019/12/16/la-mesa-de-mujeres-realizo-la-performance-un-violador-en-tu-camino-en-la-casa-de-gobierno-99568.html?fbclid=IwZXh0bgNhZW0CMTEAAR1rvVRZK9o0NQwnZk4xsVTfYsvBIp2moHp_wfOw8dK1LqMBQuCuPjER2VY_aem_Ab0GrjsXWrOfFHMjm9suG7S3Uaad6CCah5QiLn2zW4loyyw8WI2UScRrRcdN4Siuw0ETNJJNgSukCk7tc0MQNjS5",NA,44938712
"Argentina","San Luis",NA,1,"2019/12/13 00:00:00",NA,NA,NA,NA,2,NA,NA,NA,NA,NA,NA,NA,NA,NA,NA,NA,NA,NA,NA,NA,"https://www.youtube.com/watch?v=un0HYqrMZxw",NA,44938712
"Argentina","La Rioja",NA,1,"2019/12/15 00:00:00",NA,NA,NA,NA,2,NA,NA,NA,NA,NA,NA,NA,NA,NA,NA,NA,NA,NA,NA,NA,"https://www.mareaverde.com.ar/post/el-violador-eres-t%C3%BA-cantaron-en-pleno-centro-de-la-rioja,https://video.wixstatic.com/video/c80396_182a2293501940728633740d2f4f5ab1/360p/mp4/file.mp4",NA,44938712
"Argentina","Rio Gallegos","Santa Cruz",1,"2019/12/16 00:00:00",NA,NA,NA,NA,2,NA,NA,NA,NA,NA,NA,NA,NA,NA,NA,NA,NA,NA,NA,NA,"https://www.facebook.com/100063764142712/posts/3087074857987884/",NA,44938712
"Argentina","Rio Gallegos",NA,1,"2019/12/16 00:00:00",NA,NA,NA,NA,2,NA,NA,NA,NA,NA,NA,NA,NA,NA,NA,NA,NA,NA,NA,NA,"https://www.facebook.com/100063764142712/posts/3087074857987884/",NA,44938712
"Argentina","Reconquista",NA,1,"2019/12/18 00:00:00",NA,NA,NA,NA,2,NA,NA,NA,NA,NA,NA,NA,NA,NA,NA,NA,NA,NA,NA,NA,"https://www.instagram.com/tv/B6Or9QGnzzV/?igshid=ilc3ahgbkutk",NA,44938712
"Argentina","Gualeguaychu",NA,1,"2019/12/23 00:00:00",NA,NA,NA,NA,2,NA,NA,NA,NA,NA,NA,NA,NA,NA,NA,NA,NA,NA,NA,NA,"https://www.youtube.com/watch?v=0u4m8wmMuJA",NA,44938712
"Argentina","Rosario",NA,1,"2019/12/30 00:00:00",NA,NA,NA,NA,2,NA,NA,NA,NA,NA,NA,NA,NA,NA,NA,NA,NA,NA,NA,NA,"https://www.facebook.com/watch/?v=1171218839743371",NA,44938712
"Argentina","Fray Bentos",NA,1,"2020/01/12 00:00:00",NA,NA,NA,NA,1,NA,NA,NA,NA,NA,NA,NA,NA,NA,NA,NA,NA,NA,NA,NA,"https://www.instagram.com/tv/B7UBR9Wg-u5/?igshid=vlf1qw9qohw",NA,44938712
"Australia","Sydney","New South Wales",0,"2019/12/01 00:00:00",11,37608,287228,1,1,"Spanish",1,"1","1","1","1","0","1","1","1","1","1",1,"25","0","https://twitter.com/Naty_Lakshmi/status/1200973393023029248?s=20",NA,25334826
"Australia","Brisbane","Queensland",0,"2019/12/06 00:00:00",16,37608,6342,0,1,"English",0,"0","1","0","0","0","1",NA,"0","1","1",0.25,"0","0","https://www.facebook.com/yari.nabezskareth/videos/10156838510936169",NA,25334826
"Austria","Vienna","Wien",0,"2019/12/08 00:00:00",18,2053,49574,1,1,"Spanish",1,"1","1","1","1","0","1","1","1","1","1",1,"0","0","https://www.facebook.com/watch/?v=551188962104363",NA,8879920
"Austria","Vienna","Wien",0,"2019/12/11 00:00:00",21,2053,49574,1,1,"Spanish",1,"1","1","1","1","0","1","1","1","1","1",1,"0","0","https://www.youtube.com/watch?v=riORcT4229U",NA,8879920
"Australia","Brisbane","Queensland",0,"2019/12/10 00:00:00",16,37608,6342,0,2,"English",0,"0","1","0","0","0","1",NA,"0","1","1",0.25,"0","0","https://www.brisbanetimes.com.au/national/queensland/we-need-to-do-better-thousands-in-brisbane-join-march-4-justice-20210315-p57",NA,25334826
"Australia","Adelaide","South Australia",0,"2019/12/13 00:00:00",23,37608,1295714,0,1,"Spanish",1,"1","1","1","1","0","1","1","1","1","1",1,"0","0","https://www.facebook.com/events/863893467361684/?_rdc=1&_rdr",NA,25334826
"Australia","Hobart","Tasmania",0,"2019/12/14 00:00:00",24,37608,140730,0,1,"Spanish",1,"1","1","1","1","0","1","1","1","1","1",1,"68","0","https://www.facebook.com/alejandra.osorio.56884/posts/1527443060741704,",NA,25334826
"Austria","Vienna","Wien",0,"2020/02/14 00:00:00",86,2053,49574,1,2,"German",0,"0",".",".",".","0","1",".",".",".",".",NA,NA,NA,NA,NA,8879920
"Australia","Melbourne","Victoria",0,"2020/03/03 00:00:00",104,37608,49308,1,2,"English",0,"0","1","0","0","0","0","0","0","1","1",0.25,"0","0","https://twitter.com/javiera_or/status/1201952321762025472?s=20%2Chttps%3A%2F%2Fwww.facebook.com%2Fanaix.fresh%2Fvideos%2F10157824058766369%2F","https://www.youtube.com/watch?v=XDdwdAy6Eps",25334826
"Austria","Graz","Steiermark",0,"2020/03/08 00:00:00",109,2053,NA,0,2,"German",0,"0","1","0","0","0","1",NA,NA,"1","1",NA,NA,NA,NA,NA,8879920
"Bangladesh","Dhaka","Dhaka",0,"2020/01/07 00:00:00",48,0,31870000,0,2,"Bengali",0,"0","0","0","0","0","0",NA,"0","0","1",0,"24","0","https://www.youtube.com/watch?v=8je20lCMFmk",NA,165516222
"Belgium","Antwerp","Antwerpen",0,"2019/12/08 00:00:00",18,6359,529247,1,2,"Spanish",1,"1","1","1","0","0","1","1","1","1","1",1,"16","0","https://www.facebook.com/groups/203798017143/permalink/10157186669987144/",NA,11488980
"Belgium","Brussels","Brussels Hoofdstedelijk Gewest",0,"2019/11/26 00:00:00",6,6359,1743000,1,1,"Spanish",1,"1","1","1","1","0","1","1","1","1","1",1,"0","0","https://video.xx.fbcdn.net/v/t42.9040-2/10000000_438013320458763_3684186447876718592_n.mp4?_nc_cat=110&efg=eyJ2ZW5jb2RlX3RhZyI6InN2ZV9zZCJ9&_nc_ohc=ip6QPtYLUSYAQljB0o-EZ_YPkB-Qq7JBAQ5-zD80tKaBo-r6Kur3A1m-Q&_nc_ht=video.fmex15-1.fna&oh=5ea454b61303e89baed38f4f60c74b19&oe=5DFA93F4",NA,11488980
"Belgium","Brussels","Brussels Hoofdstedelijk Gewest",0,"2019/11/30 00:00:00",10,6359,1743000,1,2,"French",0,"0","1","0","1","0","0",NA,NA,NA,"1",0.125,"0","0","https://twitter.com/RosalesPValeria/status/1200778127133347840,https://m.facebook.com/story.php?story_fbid=10214881651502810&id=1472910196",NA,11488980
"Belgium","Brussels","Brussels Hoofdstedelijk Gewest",0,"2019/12/02 00:00:00",12,6359,1743000,1,1,"Spanish",1,"1","1","1","0","0","1","1","0","1","1",0.75,"0","13","https://twitter.com/j_palma_p/status/1207075220051374082,https://m.lavenir.net/cnt/dmf20191216_01421045/video-mobilisation-feminine-autour-d-un-dossier-de-harcelement",NA,11488980
"Belgium","Brussels","Brussels Hoofdstedelijk Gewest",0,"2020/03/08 00:00:00",109,6359,1743000,1,2,"Spanish",1,"1","1","0","0","0","1","0","1","1","1",0.75,"0","0","https://twitter.com/ProgressLawyers/status/1237040346229506049",NA,11488980
"Belgium","Gent","Oost-Vlaanderen",0,"2019/12/15 00:00:00",25,6359,580097,0,2,"Spanish",1,"1","1","0","1","0","1","1","1","1","1",1,"0","0","https://www.facebook.com/watch/?v=2727677863941841",NA,11488980
"Belgium","Liège","Liege",0,"2019/12/08 00:00:00",18,6359,597215,0,3,"French",0,"0","1","1","0","0","0",NA,"0","1","1",0.25,"16","0","https://www.rtbf.be/info/regions/detail_l-hymne-feministe-un-violeur-sur-ton-chemin-repris-par-une-centaine-de-liegeoises-video?id=10383949&utm_source=rtbfinfo&utm_campaign=social_share&utm_medium=whatsapp_share",NA,11488980
"Bolivia","La Paz",NA,1,"2019/11/29 00:00:00",NA,NA,NA,NA,NA,NA,NA,NA,NA,NA,NA,NA,NA,NA,NA,NA,NA,NA,NA,NA,"https://www.youtube.com/watch?v=IA4qdGAtJgw&feature=youtu.be",NA,11777315
"Bolivia","Tarija",NA,1,"2019/12/03 00:00:00",NA,NA,NA,NA,NA,NA,NA,NA,NA,NA,NA,NA,NA,NA,NA,NA,NA,NA,NA,NA,"https://www.infotarija.com/mundo/feministas-protestan-en-el-palacio-de-justicia-bajo-la-consigna-un-violador-en-tu-camino-2119",NA,11777315
"Bolivia","Sucre",NA,1,"2019/12/10 00:00:00",NA,NA,NA,NA,NA,NA,NA,NA,NA,NA,NA,NA,NA,NA,NA,NA,NA,NA,NA,NA,"https://www.facebook.com/watch/?v=2465977343664331",NA,11777315
"Bolivia","Santa Cruz",NA,1,"2019/12/10 00:00:00",NA,NA,NA,NA,NA,NA,NA,NA,NA,NA,NA,NA,NA,NA,NA,NA,NA,NA,NA,NA,"https://www.facebook.com/CasadeLaMujersczbo/photos/a.615221435213808/2631217890280809/?type=3&source=48&paipv=0&eav=Afb0lmS_Nh4waQCATdrkNiV2DXtghh9c0KlD6ardBlmZNGlUtMFCjMxzqgrqEv4LIX8&_rdr",NA,11777315
"Bolivia","Cochabamba",NA,1,"2019/12/18 00:00:00",NA,NA,NA,NA,NA,NA,NA,NA,NA,NA,NA,NA,NA,NA,NA,NA,NA,NA,NA,NA,"https://www.youtube.com/watch?v=sT0YLMQbWnk",NA,11777315
"Brazil","Rio de Janeiro",NA,1,"2019/12/03 00:00:00",NA,NA,NA,NA,NA,NA,NA,NA,NA,NA,NA,NA,NA,NA,NA,NA,NA,NA,NA,NA,"https://www.youtube.com/watch?v=zaN0tlHBmkw",NA,211782878
"Brazil","Sao Paulo",NA,1,"2019/12/04 00:00:00",NA,NA,NA,NA,NA,NA,NA,NA,NA,NA,NA,NA,NA,NA,NA,NA,NA,NA,NA,NA,"https://www.youtube.com/watch?v=zaN0tlHBmkw,https://www.uol.com.br/universa/noticias/redacao/2019/12/05/o-estuprador-e-voce-brasileiras-aderem-a-protesto-viral-criado-no-chile.htm",NA,211782878
"Brazil","Sao Paulo",NA,1,"2019/12/04 00:00:00",NA,NA,NA,NA,NA,NA,NA,NA,NA,NA,NA,NA,NA,NA,NA,NA,NA,NA,NA,NA,"https://umap.openstreetmap.fr/es/map/un-violador-en-tu-camino-20192021-actualizado-2905_394247#6/-23.564/-49.757",NA,211782878
"Brazil","Manaus",NA,1,"2019/12/07 00:00:00",NA,NA,NA,NA,NA,NA,NA,NA,NA,NA,NA,NA,NA,NA,NA,NA,NA,NA,NA,NA,"https://www.facebook.com/watch/?v=2774547565929379",NA,211782878
"Brazil","Vitoria Esprity Santo",NA,1,"2019/12/08 00:00:00",NA,NA,NA,NA,NA,NA,NA,NA,NA,NA,NA,NA,NA,NA,NA,NA,NA,NA,NA,NA,"https://www.youtube.com/watch?v=IkZ6tI7qXts",NA,211782878
"Brazil","Porto Alegre",NA,1,"2019/12/08 00:00:00",NA,NA,NA,NA,NA,NA,NA,NA,NA,NA,NA,NA,NA,NA,NA,NA,NA,NA,NA,NA,"https://www.facebook.com/watch/?v=563720064415023",NA,211782878
"Brazil","Goiania",NA,1,"2019/12/10 00:00:00",NA,NA,NA,NA,NA,NA,NA,NA,NA,NA,NA,NA,NA,NA,NA,NA,NA,NA,NA,NA,"https://www.facebook.com/PaulaReyesMorgado/videos/10220272315743279/?eid=ARBsBMoxdTpXAFE-bOoO-zx0U4D9u6uMdCd-9KJ0bQwqFazQshHQOAJZtaaEqo6iYfRPmwd7Wjsj2nUh&hc_ref=ARSzNIOenkCXqHcMEwC1XqnVx7c796cNOAEePgAip5LOf_o6xSM379XZumVXEUiIrcw&fref=nf",NA,211782878
"Brazil","Florianopolis",NA,1,"2019/12/11 00:00:00",NA,NA,NA,NA,NA,NA,NA,NA,NA,NA,NA,NA,NA,NA,NA,NA,NA,NA,NA,NA,"https://twitter.com/MidiaNINJA/status/1204867507359768585?s=20",NA,211782878
"Brazil","Brasilia",NA,1,"2019/12/13 00:00:00",NA,NA,NA,NA,NA,NA,NA,NA,NA,NA,NA,NA,NA,NA,NA,NA,NA,NA,NA,NA,"https://www.facebook.com/watch/?v=516495855619851",NA,211782878
"Brazil","Belo Horizonte",NA,1,"2019/12/14 00:00:00",NA,NA,NA,NA,NA,NA,NA,NA,NA,NA,NA,NA,NA,NA,NA,NA,NA,NA,NA,NA,"https://www.youtube.com/watch?v=jPzkdLF7W0o",NA,211782878
"Brazil","Fortaleza",NA,1,"2019/12/15 00:00:00",NA,NA,NA,NA,NA,NA,NA,NA,NA,NA,NA,NA,NA,NA,NA,NA,NA,NA,NA,NA,"https://www.facebook.com/watch/?v=682909062238878",NA,211782878
"Brazil","Natal",NA,1,"2019/12/15 00:00:00",NA,NA,NA,NA,NA,NA,NA,NA,NA,NA,NA,NA,NA,NA,NA,NA,NA,NA,NA,NA,"https://www.facebook.com/watch/?v=1304353433078029",NA,211782878
"Brazil","Salvador",NA,1,"2019/12/16 00:00:00",NA,NA,NA,NA,NA,NA,NA,NA,NA,NA,NA,NA,NA,NA,NA,NA,NA,NA,NA,NA,"https://www.facebook.com/watch/?v=505833143364843",NA,211782878
"Brazil","Campos dos Goytacazes",NA,1,"2019/12/17 00:00:00",NA,NA,NA,NA,NA,NA,NA,NA,NA,NA,NA,NA,NA,NA,NA,NA,NA,NA,NA,NA,"https://www.facebook.com/watch/?v=2614558658651323",NA,211782878
"Brazil","Caixas do Sul",NA,1,"2019/12/22 00:00:00",NA,NA,NA,NA,NA,NA,NA,NA,NA,NA,NA,NA,NA,NA,NA,NA,NA,NA,NA,NA,"https://www.facebook.com/watch/?v=555465998566678",NA,211782878
"Canada","Calgary","Alberta",0,"2019/12/08 00:00:00",18,42505,1239220,1,1,"Spanish",1,"1","1","1","1","1","1","1","1","1","1",1,"16","0","https://www.youtube.com/watch?v=rhwR9GFxIJE",NA,37618495
"Canada","Montreal","Quebec",0,"2019/12/06 00:00:00",16,42505,295542,1,1,"French / Hawaian",0,"0","1","0","1","0","1",NA,"1","1","1",0.5,"0","0","https://www.youtube.com/watch?v=m-yzAv4gtnk",NA,37618495
"Canada","Montreal","Quebec",0,"2019/12/07 00:00:00",17,42505,295542,1,2,"Spanish",1,"1","1","1","1","0","1","1","1","1","1",1,"0","0","https://www.youtube.com/watch?v=XS9vUddcuHA",NA,37618495
"Canada","Quebec","Quebec",0,"2019/12/14 00:00:00",24,42505,210000,0,1,"French",0,"0","1","1","1","0","1",NA,"0","1","1",0.25,"68","0","https://www.youtube.com/watch?v=_94lVboeceo",NA,37618495
"Canada","Quebec","Quebec",0,"2019/12/15 00:00:00",25,42505,210000,0,2,"French",0,"0","1","1","1","0","0","0","0","1","1",0.25,"0","0","https://www.facebook.com/events/1467839080058205/,https://twitter.com/qs_capnat/status/1206433908277026819?_rdc=1&_rdr",NA,37618495
"Canada","Toronto","Ontario",0,"2019/12/07 00:00:00",17,42505,870952,1,1,"Spanish",1,"1","1","0","0","0","1","1","1","0","0",0.875,"0","0","https://www.facebook.com/events/603597470412426/?active_tab=discussion&_rdc=1&_rdr",NA,37618495
"Canada","Vancouver","British Columbia",0,"2019/12/01 00:00:00",11,42505,2264823,1,1,"Spanish",1,"1","1","1","1","0","1","1","1","1","1",1,"25","0","https://www.youtube.com/watch?v=Vj1nq4GDeRE",NA,37618495
"Colombia","Tunja",NA,1,"2019/11/28 00:00:00",NA,NA,NA,NA,NA,NA,NA,NA,NA,NA,NA,NA,NA,NA,NA,NA,NA,NA,NA,NA,"https://www.telemetro.com/nacionales/2019/12/06/panamenas-interpretan-un-violador-en-tu-camino-en-contra-de-la-violencia-de-genero/2332358.html",NA,50187406
"Colombia","Manizales",NA,1,"2019/11/29 00:00:00",NA,NA,NA,NA,NA,NA,NA,NA,NA,NA,NA,NA,NA,NA,NA,NA,NA,NA,NA,NA,"https://www.youtube.com/watch?v=agS7vIAiTh8,",NA,50187406
"Colombia","Bogota",NA,1,"2019/11/29 00:00:00",NA,NA,NA,NA,NA,NA,NA,NA,NA,NA,NA,NA,NA,NA,NA,NA,NA,NA,NA,NA,"https://www.instagram.com/tv/B5dxfKFJf2A/?igshid=1ti775ym8go4v,https://twitter.com/elespectador/status/1200955838116106240?s=20",NA,50187406
"Colombia","Quidbo",NA,1,"2019/11/30 00:00:00",NA,NA,NA,NA,NA,NA,NA,NA,NA,NA,NA,NA,NA,NA,NA,NA,NA,NA,NA,NA,"https://twitter.com/micaelamiau/status/1200931380709994496?s=20",NA,50187406
"Colombia","Medellin",NA,1,"2019/11/30 00:00:00",NA,NA,NA,NA,NA,NA,NA,NA,NA,NA,NA,NA,NA,NA,NA,NA,NA,NA,NA,NA,"https://twitter.com/ELDIARIOBOYACA/status/1202676873286868992?s=20",NA,50187406
"Colombia","Bogota",NA,1,"2019/11/30 00:00:00",NA,NA,NA,NA,NA,NA,NA,NA,NA,NA,NA,NA,NA,NA,NA,NA,NA,NA,NA,NA,"https://twitter.com/barbieykenco/status/1200760496187740160",NA,50187406
"Colombia","Cali",NA,1,"2019/12/02 00:00:00",NA,NA,NA,NA,NA,NA,NA,NA,NA,NA,NA,NA,NA,NA,NA,NA,NA,NA,NA,NA,"https://www.youtube.com/watch?v=7gpIE2ku-kM",NA,50187406
"Colombia","Armenia",NA,1,"2019/12/03 00:00:00",NA,NA,NA,NA,NA,NA,NA,NA,NA,NA,NA,NA,NA,NA,NA,NA,NA,NA,NA,NA,"https://twitter.com/echbern/status/1200604817946624000?s=20",NA,50187406
"Costa Rica","San Jose",NA,1,"2019/11/29 00:00:00",NA,NA,NA,NA,NA,NA,NA,NA,NA,NA,NA,NA,NA,NA,NA,NA,NA,NA,NA,NA,"https://twitter.com/MaryChelis/status/1201147241131642880?s=20",NA,5084532
"Costa Rica","San Jose",NA,1,"2019/12/12 00:00:00",NA,NA,NA,NA,NA,NA,NA,NA,NA,NA,NA,NA,NA,NA,NA,NA,NA,NA,NA,NA,"https://www.youtube.com/watch?app=desktop&v=_n72IJtr7V0&feature=youtu.be%2C",NA,5084532
"Costa Rica","San Jose",NA,1,"2019/12/20 00:00:00",NA,NA,NA,NA,NA,NA,NA,NA,NA,NA,NA,NA,NA,NA,NA,NA,NA,NA,NA,NA,"https://www.facebook.com/handmaidscr/posts/2463060187153951?_rdc=1&_rdr",NA,5084532
"Cuba","La havana",NA,1,"2019/12/04 00:00:00",NA,NA,NA,NA,NA,NA,NA,NA,NA,NA,NA,NA,NA,NA,NA,NA,NA,NA,NA,NA,"https://www.youtube.com/watch?v=RZkb5TNqNCs",NA,11316697
"Czech republic","Prague","Hlavni Mesto Praha",0,"2019/12/07 00:00:00",17,500,214349,1,2,"Spanish",1,"1","1","0","0","0","1","1","1","1","1",1,"0","0","https://www.facebook.com/Javi.Paz.SP/videos/10206485178045207/?_rdc=2&_rdr",NA,NA
"Denmark","Copenhagen","Hovedstaden",0,"2019/12/08 00:00:00",18,2522,1085000,1,1,"Danish",1,"1","1","1","0","0","1","1","1","1","1",1,"16","0","https://www.facebook.com/events/havnegade-50-1058-copenhagen/flashmob-un-violador-en-tu-camino-a-rapist-in-your-way-cph/578607156235688/",NA,5814422
"Denmark","Copenhagen","Hovedstaden",0,"2020/03/08 00:00:00",109,2522,1085000,1,1,"English",1,"1","1","1","0","0","1","1","1","1","1",1,"16","0","https://www.facebook.com/events/2572830632827546/?active_tab=about",NA,5814422
"Dominican Republic","Santo Domingo",NA,1,"2019/11/29 00:00:00",NA,NA,NA,NA,NA,NA,NA,NA,NA,NA,NA,NA,NA,NA,NA,NA,NA,NA,NA,NA,"https://www.instagram.com/p/B5eARgJHMKF/?utm_source=ig_web_copy_link",NA,10881882
"Ecuador","Quito",NA,1,"2019/11/29 00:00:00",NA,NA,NA,NA,NA,NA,NA,NA,NA,NA,NA,NA,NA,NA,NA,NA,NA,NA,NA,NA,"https://www.facebook.com/watch/?v=470137066956018",NA,17343740
"Ecuador","Guayaquil",NA,1,"2019/11/29 00:00:00",NA,NA,NA,NA,NA,NA,NA,NA,NA,NA,NA,NA,NA,NA,NA,NA,NA,NA,NA,NA,"https://twitter.com/olinguiito/status/1200614679686438912?s=20",NA,17343740
"Ecuador","Cuenca",NA,1,"2019/12/01 00:00:00",NA,NA,NA,NA,NA,NA,NA,NA,NA,NA,NA,NA,NA,NA,NA,NA,NA,NA,NA,NA,"https://twitter.com/tomvillota/status/1201162217011499012?ref_src=twsrc%5Etfw%7Ctwcamp%5Etweetembed%7Ctwterm%5E1201162217011499012&ref_url=https%3A%2F%2Fwww.eltiempo.com.ec%2Fnoticias%2Fcuenca%2F2%2Fhimno-feminista-tambien-se-entono-en-cuenca",NA,17343740
"Ecuador","Quito",NA,1,"2020/02/06 00:00:00",NA,NA,NA,NA,NA,NA,NA,NA,NA,NA,NA,NA,NA,NA,NA,NA,NA,NA,NA,NA,"https://twitter.com/YoSoyLaAssange/status/1225599776953131008",NA,17343740
"El Salvador","San Salvador",NA,1,"2019/11/29 00:00:00",NA,NA,NA,NA,NA,NA,NA,NA,NA,NA,NA,NA,NA,NA,NA,NA,NA,NA,NA,NA,"https://www.facebook.com/watch/?v=1144562865749254",NA,6280217
"El Salvador","San Salvador",NA,1,"2019/12/14 00:00:00",NA,NA,NA,NA,NA,NA,NA,NA,NA,NA,NA,NA,NA,NA,NA,NA,NA,NA,NA,NA,"https://www.facebook.com/watch/?v=614796545991168",NA,6280217
"El Salvador","San Salvador",NA,1,"2020/03/08 00:00:00",NA,NA,NA,NA,NA,NA,NA,NA,NA,NA,NA,NA,NA,NA,NA,NA,NA,NA,NA,NA,"https://www.youtube.com/watch?v=zECwLcYAtkM",NA,6280217
"Finland","Helsinki","Lapland",0,"2019/12/04 00:00:00",14,492,1852478,1,1,"Spanish",1,"1","1","0","0","0","0","0","0",NA,"1",0.375,"0","0","https://www.facebook.com/watch/?v=761526870997600","https://www.facebook.com/story.php?story_fbid=10158791615863273&id=551343272&paipv=0&eav=AfZbSoL1CUKjzZwn4_oqIC034MCpsF_eaafcXqMk6JPwOGpbvF4P9goW0BrdnH4f6h0&_rdr",5521606
"Finland","Helsinki","Lapland",0,"2020/03/08 00:00:00",109,492,642045,1,2,"Finnish",0,"0","0","0","0","0",".",NA,NA,"1",NA,0.125,"0","0","https://twitter.com/VarisVerkosto/status/1236642751544000512",NA,5521606
"France","Angoulême","Poitou-Charentes",0,"2020/02/03 00:00:00",75,22434,42000,0,3,"French",0,"0","1","0","0","0","0",NA,"0","1","1",0.25,"0","0","https://www.facebook.com/events/452281988984207/?_rdc=1&_rdr",NA,67388001
"France","Bordeaux","Aquitaine",0,"2019/12/07 00:00:00",17,22434,249712,1,2,"French",0,"0","1","1","1","0","0",NA,NA,"1","1",0.25,"0","0","https://www.facebook.com/watch/?v=520295912160755",NA,67388001
"France","Bordeaux","Aquitaine",0,"2020/03/08 00:00:00",109,22434,249712,1,2,"Spanish",1,"1","0","0","1","0","0","1","1","1","1",0.875,"0","0","https://www.youtube.com/watch?v=BtneBqQRhwY",NA,67388001
"France","Grenoble","Rhone-Alpes",0,"2019/12/08 00:00:00",15,22434,160649,1,1,"Spanish",1,"1","1","1","1","0","1","1","1","1","1",1,"0","0","https://www.ledauphine.com/edition-grenoble-vercors/2019/12/08/un-happening-feministe",NA,67388001
"France","Grenoble","Rhone-Alpes",0,"2019/12/12 00:00:00",19,22434,160649,1,3,"Spanish",1,"1","1","0","0","0","1","1","1","1","1",1,"23","38","https://www.youtube.com/watch?app=desktop&v=Cp6u30aRLM",NA,67388001
"France","Lille","Nord-Pas-de-Calais",0,"2019/11/29 00:00:00",9,22434,472000,1,2,"French",0,"0","1","0","0","0","0",NA,"1","1","1",0.5,"0","0","https://www.facebook.com/LilleInsurg/posts/970462523331636",NA,67388001
"France","Lyon","Rhone-Alpes",0,"2019/12/06 00:00:00",16,22434,3979576,1,2,"French",0,"0","1","0","0","0","0",NA,"1","1","1",0.5,"0","0","https://www.lyoncapitale.fr/actualite/lyon-200-femmes-chantent-le-violeur-c-est-toi-contre-les-violences",NA,67388001
"France","Marseille","Provence-Alpes-Cote Dazur",0,"2019/12/06 00:00:00",16,22434,76250,1,1,"Spanish",1,"1","1","0","0","0","1","1","1","1","1",1,"0","0","https://www.laprovence.com/actu/en-direct/5794428/video-marseille-pres-de-200-personnes-chantent-leur-lutte-contre-les-violences-faites-aux-femmes.html?fbclid=IwZXh0bgNhZW0CMTEAAR1yHAhgBK3AIvYZoXTUDFf0IM1zmX6WTKj2Su7zllvu9BUUuWuECaJYgI8_aem_Ia65ahDvEnBsMitst9mK1A",NA,67388001
"France","Montpellier","Languedoc-Roussillon",0,"2019/12/06 00:00:00",16,22434,1366180,1,1,"Spanish",1,"1","1","1","0","0","1","1","1","1","0",1,"0","0","https://www.infolibertaire.net/un-violeur-sur-ton-chemin-la-chore-feministe-du-chili-reproduite-a-montpellier-et-partout-dans-le-monde/",NA,67388001
"France","Montpellier","Languedoc-Roussillon",0,"2020/03/08 00:00:00",109,22434,1366180,1,1,"Spanish",1,"1","1","0","0","0","1","1","1","1","0",1,"0","0","https://www.youtube.com/watch?v=B3rWoVsxGFk",NA,67388001
"France","Montreuil","Ile-De-France",0,"2019/12/18 00:00:00",28,22434,3519595,0,2,"French",0,"0","1","0","0","0","0",NA,"0","1","1",0.25,"12","0","https://www.youtube.com/watch?v=auqYTFNkA-Q",NA,67388001
"France","Nantes","Pays De La Loire",0,"2019/12/07 00:00:00",17,22434,5545000,1,1,"Spanish",1,"1","1","1","0","0","1","1","1","1","1",1,"0","0","https://www.facebook.com/ChileDespertoInternacional/videos/470831430304588",NA,67388001
"France","Nantes","Pays De La Loire",0,"2019/12/17 00:00:00",17,22434,5545000,1,2,"French",0,"0","1","1","0","0","1","1","0","1","1",0.5,"0","0","https://www.facebook.com/events/552825922238646/?ref_source=newsfeed&ref_mechanism=feed_attachment&action_context=%257B%2522action_history%2522%253A%2522null%2522%257D&paipv=0&eav=Afa79BHGkLxJ1xtlf89dvQN8OYBsZ2mAzuLQ46d8bC9g0Uzy22i6G984JIez3nqyh0I&_rdr",NA,67388001
"France","Nantes","Languedoc-Roussillon",0,"2020/03/08 00:00:00",109,22434,5545000,1,2,"Spanish",1,"1","1","0","0","0","1","1","1","1","1",1,"0","0","https://nantes-revoltee.com/7-mars-a-nantes-fieres-deter-et-revolutionnaires/",NA,67388001
"France","Nice","Provence-Alpes-Cote Dazur",0,"2019/12/14 00:00:00",24,22434,8336817,0,1,"French",0,"0","1","0","0","0","1","1","1","1","1",0.75,"68","0","https://www.latest.facebook.com/events/449563279293830/?active_tab=discussion,https://www.latest.facebook.com/patrice.roth1/videos/pcb.452504832333008/10218271769817075/?type=3&theater,https://www.latest.facebook.com/patrice.roth1/videos/pcb.452504832333008/10218271786417490/?type=3&theater",NA,67388001
"France","Paris","Ile-De-France",0,"2019/11/28 00:00:00",8,22434,11027000,1,1,"Spanish",1,"1","1","0","0","0","1","1","1","1","1",1,"0","0","https://www.youtube.com/watch?v=M29JNrmCH94",NA,67388001
"France","Paris","Ile-De-France",0,"2019/11/30 00:00:00",10,22434,11027000,1,2,"French",0,"0","1","0","0","0","0",NA,"0","1","1",0.25,"0","0","https://twitter.com/DilaraGurcu/status/120048591251535462",NA,67388001
"France","Paris","Ile-De-France",0,"2019/12/01 00:00:00",11,22434,11027000,1,1,"Spanish",1,"1","1","1","1","0","1","1","1","1","1",1,"25","0","https://www.facebook.com/watch/?v=412697032944486",NA,67388001
"France","Paris","Ile-De-France",0,"2020/02/03 00:00:00",75,22434,11027000,1,1,"Spanish",1,"1","1","0","0","0","1","1","1","1","1",1,"0","0","https://www.facebook.com/events/place-de-la-r%C3%A9publique-paris/un-violador-en-tu-camino-8m-gr%C3%A8ve-f%C3%A9ministe/609133019637326/?locale=be_BY",NA,67388001
"France","Strasbourg","Alsace",0,"2019/12/07 00:00:00",17,22434,975819,1,3,"Spanish",1,"1","1","0","0","0","1",NA,NA,"1","1",0.5,"0","0","https://www.facebook.com/guillaume.krempp.1/videos/615486678991884/UzpfSTEwMDAwOTQ3NDg4MzM4NjoyNTM4MDk0MDM5ODQ5NzM0/?story_fbid=2538094039849734&id=100009474883386&_rdc=1&_rdr",NA,67388001
"France","Toulouse","Midi-Pyrenees",0,"2019/11/29 00:00:00",9,22434,5429524,1,1,"Spanish",0,"0","1","0","0","0","1",NA,"1","1","1",0.5,"0","0","https://twitter.com/ToutesEnGreve31/status/120048255713094451",NA,67388001
"Germany","Berlin","Berlin",0,"2019/11/29 00:00:00",9,19702,3664088,1,1,"Spanish",1,"1","1","1","1","0","1","1","1","1","1",1,"0","0","https://twitter.com/sopitas/status/1200528989850390528",NA,83092962
"Germany","Berlin","Berlin",0,"2019/11/30 00:00:00",10,19702,3664088,1,1,"Spanish",1,"1","1","0","1","0","1","1","1","1","1",1,"0","0","https://www.facebook.com/watch/?t=25&v=1370593799775616",NA,83092962
"Germany","Berlin","Berlin",0,"2019/12/14 00:00:00",24,19702,3664088,1,2,"German",0,"0","1","0","0","0","0",NA,"1","0","1",0.375,"68","0","https://www.youtube.com/watch?v=P5emFkATybs&feature=emb_logo",NA,83092962
"Germany","Bonn","Nordrhein-Westfalen",0,"2019/12/08 00:00:00",18,19702,330579,0,3,"Spanish",1,"1","1","0","0","0","1","1","1","1","1",1,"16","0","https://www.youtube.com/watch?v=GO2D1yTsLdQ&feature=youtu.be",NA,83092962
"Germany","Bremen","Bremen",0,"2019/12/07 00:00:00",17,19702,566573,1,1,"Spanish",NA,NA,NA,NA,NA,NA,NA,NA,NA,NA,NA,NA,NA,"0","https://fstreikbremen.noblogs.org/263836288_417822/","https://www.youtube.com/watch?v=JKR08ZdSZMg",83092962
"Germany","Bremen","Bremen",0,"2020/03/08 00:00:00",109,19702,566573,1,2,"German",1,"1","1","0","0","0","1",NA,NA,NA,"1",0.375,"0","0","https://www.facebook.com/watch/?v=945024669247998",NA,83092962
"Germany","Cologne","Nordrhein-Westfalen",0,"2019/12/06 00:00:00",16,19702,1137000,1,1,"Spanish",1,"1","1","1","0","0","1","1","1","1","1",1,"0","0","https://www.youtube.com/watch?v=W3NZNhCKoJU&feature=youtu.be",NA,83092962
"Germany","Düsseldorf","Nordrhein-Westfalen",0,"2019/12/03 00:00:00",13,19702,553165,0,1,"Spanish",1,"1","1","1","1","0","1","1","1","1","1",1,"0","0","https://twitter.com/Martalicious3/status/1201979232945090568?s=20",NA,83092962
"Germany","Frankfurt","Hessen",0,"2019/12/07 00:00:00",17,19702,380948,1,1,"Spanish",0,"1","1","1","1","0","0","1","1","1","1",1,"0","0","https://www.youtube.com/watch?v=jMS1_xRUL_U",NA,83092962
"Germany","Freiburg","Baden-Wurttemberg",0,"2019/12/08 00:00:00",19,19702,230241,1,1,"Spanish",1,"1","1","0","1","0","1","0","1","1","1",0.75,"23","38","https://www.youtube.com/watch?v=4aaShaUY0NY",NA,83092962
"Germany","Freiburg","Baden-Wurttemberg",0,"2019/12/10 00:00:00",20,19702,764104,1,3,"German",0,"0","1","0","1","0","1",NA,"0","1","1",0.25,"35","22","https://www.facebook.com/events/853858631715328",NA,83092962
"Germany","Hamburg","Hamburg",0,"2019/12/03 00:00:00",13,19702,1852478,1,1,"Spanish",0,"1","1","0","0","0","1","1","1","1","1",1,"0","0","https://www.youtube.com/watch?v=BadwdXVhQnI",NA,83092962
"Germany","Hamburg","Hamburg",0,"2019/12/04 00:00:00",14,19702,1852478,1,1,"German",0,"0","1","1","0","0","1",NA,"1","1","1",0.5,"0","0","https://twitter.com/LaSuRivas/status/1202003731715444738?s=20",NA,83092962
"Germany","Hamburg","Hamburg",0,"2019/12/14 00:00:00",24,19702,1852478,1,1,"German",1,"0","1","1","1","0","1",NA,"1","1","1",0.5,"68","0","https://www.youtube.com/watch?v=y0wAyxS71IY&t=2s",NA,83092962
"Germany","Hamburg","Hamburg",0,"2019/12/18 00:00:00",28,19702,1852478,1,2,"Turkish",NA,"0","1","1","0","0",".",NA,NA,"1","1",0.25,"12","0","https://twitter.com/kadinsavunmasi/status/1207592535675281408",NA,83092962
"Germany","Karlsruhe","Baden-Wurttemberg",0,"2019/12/05 00:00:00",15,19702,15292000,1,1,"Spanish",1,"1","0","0","0","0","1","1","1","1","1",0.875,"0","0","https://www.youtube.com/watch?v=fBsHcxGf0H0&feature=youtu.be",NA,83092962
"Germany","Leipzig","Sachsen",0,"2019/12/03 00:00:00",13,19702,789194,1,1,"Spanish",1,"1","1","0","0","1","1","1","1","1","1",1,"0","0","https://twitter.com/querele2/status/1201643689665282049",NA,83092962
"Germany","Leipzig","Sachsen",0,"2019/12/14 00:00:00",24,19702,597215,1,2,"Spanish",1,"1","1","0","0","0","1","1","1","1","1",1,"68","0","https://twitter.com/_laualmanza/status/1205895794047500288",NA,83092962
"Germany","Munich","Bayern",0,"2019/12/13 00:00:00",23,19702,17693000,1,2,"Spanish",1,"1","1","1","0","0","1","1","1","1","1",1,"0","0","https://www.facebook.com/watch/?v=594991597974867",NA,83092962
"Germany","Stuttgart","Baden-Wurttemberg",0,"2019/12/07 00:00:00",18,19702,975819,1,1,"Spanish",1,"1","1","1","1","1","1","1","1","1","1",1,"16","0","https://twitter.com/MelodiaBaeza/status/1203372090650443778",NA,83092962
"Greece","Athens","Attiki",0,"2019/12/15 00:00:00",25,680,664046,0,NA,"Greek",0,"0","1","0","0","0","0",NA,NA,"1","1",0.25,"0","0","https://vimeo.com/380615466",NA,10721582
"Greece","Athens","Attiki",0,"2019/12/22 00:00:00",32,680,664046,0,NA,"Greek",0,"0","1","0","0","0","0",NA,NA,"1","1",0.25,"0","0","https://www.facebook.com/watch/?v=588844515213308","https://www.facebook.com/plugins/video.php?href=https%3A%2F%2Fwww.facebook.com%2Fmigenisiskoritsaki%2Fvideos%2F588844515213308%2F&show_text=0&width=560&_rdc=2&_rdr",10721582
"Greece","Heraclion",".",0,"2019/12/07 00:00:00",17,680,642045,0,3,"Greek",0,"0","1","0","0","0","0",NA,NA,"1","1",0.25,"0","0","https://www.facebook.com/588690033/posts/10162534566055034/?_rdc=2&_rdr",NA,10721582
"Greece","Thessaloniki","Thessaloniki",0,"2019/12/22 00:00:00",32,680,380787,0,1,"Greek",0,"0","1","0","0","0",".",NA,NA,"1","1",0.25,"0","0","https://www.facebook.com/groups/453432058701321/permalink/462563984454795/?_rdc=1&_rdr",NA,10721582
"Guatemala","Ciudad de Guatemala",NA,1,"2019/11/30 00:00:00",NA,NA,NA,NA,NA,NA,NA,NA,NA,NA,NA,NA,NA,NA,NA,NA,NA,NA,NA,NA,"https://twitter.com/PrensaComunitar/status/1200879579545657344?s=20",NA,16604026
"Guatemala","Ciudad de Guatemala",NA,1,"2019/12/01 00:00:00",NA,NA,NA,NA,NA,NA,NA,NA,NA,NA,NA,NA,NA,NA,NA,NA,NA,NA,NA,NA,"https://twitter.com/justiciayagt/status/1200930752935976960?s=20",NA,16604026
"Honduras","Tegucigalpa",NA,1,"2019/12/05 00:00:00",NA,NA,NA,NA,NA,NA,NA,NA,NA,NA,NA,NA,NA,NA,NA,NA,NA,NA,NA,NA,"https://twitter.com/CDMHonduras/status/1202715047446880289?s=20",NA,9958829
"Iceland","Reykjavik","Suournes",0,"2019/12/30 00:00:00",40,0,171491,0,2,"Icelandic",0,"0","1","0","0","0","0",NA,NA,NA,"1",0.125,"0","0","https://www.youtube.com/watch?v=LGUpsOiXvAk",NA,360563
"India","Bangalore","Karnataka",0,"2019/12/10 00:00:00",20,0,13999000,0,2,"Spanish",1,"1","0","0","0","0","0","0","0","1","1",0.375,"35","22","https://www.youtube.com/watch?v=9PZgNM6VYAQ",NA,1383112050
"India","Kolkota","West Bengal",0,"2019/12/16 00:00:00",26,0,18698000,0,3,"Hindi",0,"0","1","0","0","0","0",NA,"0","0","1",0.125,"0","0","https://www.youtube.com/watch?v=3w4IQpDrQTE",NA,1383112050
"India","Kolkota","West Bengal",0,"2020/01/04 00:00:00",45,0,2962180,0,3,"Bengali",0,"0","1","0","0","0","1",NA,"0","0","1",0.125,"29","0","https://www.youtube.com/watch?v=qcVeKe8bwyw",NA,1383112050
"India","Mumbai","Maharashtra",0,"2020/02/07 00:00:00",79,0,295542,0,2,"Hindi",0,"0","0","0","0","0","0",NA,"0","0","0",0,"0","0","https://www.youtube.com/watch?v=ycZJKACkS7k",NA,1383112050
"India","New Delhi","Delhi",0,"2020/02/11 00:00:00",83,0,966144,0,2,"Hindi",0,"0","0","0","0","0","0",NA,"0","0","1",0,"0","0","https://www.youtube.com/watch?v=WiIRgwIuYw4",NA,1383112050
"Ireland","Cork","Cork",0,"2019/12/17 00:00:00",27,486,124391,0,1,"Spanish",1,"1","1","0","0","0","1","1","1","1","1",1,"0","28","https://www.youtube.com/watch?v=tdvSM2Btzwk&feature=emb_logo",NA,4934340
"Ireland","Dublin","Dublin",0,"2019/12/07 00:00:00",20,486,16839000,1,1,"English",0,"0","1","1","0","0","1",NA,"1","1","1",0.5,NA,NA,"https://www.facebook.com/watch/?v=1433988220100155",NA,4934340
"Ireland","Galway","Galway",0,"2020/03/08 00:00:00",109,486,16839000,0,2,"English",0,"0","1","1","0","0","1",NA,"0","1","1",0.25,"0","51","https://www.facebook.com/watch/?v=1030080551191526",NA,4934340
"Israel","Tel Aviv","Tel Aviv",0,"2019/12/20 00:00:00",30,5480,4840600,0,3,"Hebrew",0,"0","1","0","0","0",".","0","0","1","1",0.25,"0","0","https://www.youtube.com/watch?v=hC7y1yaHF7k&feature=emb_logo",NA,9054000
"Italy","Alessandria","Piemonte",0,"2019/12/14 00:00:00",24,16069,93839,0,1,"Italian",0,"0","1","1","0","0","1",NA,"1","1","1",0.5,"68","0","https://www.facebook.com/nonunadimenoalessandria/photos/gm.873121356435755/786714968424555/?type=3&source=44&paipv=0&eav=AfagcQBlApB6fFZDjexQJaXZ9p49z3SYOPQGH42sVDzgv3s9uS0jsXrJxpLxp9H22Lg&_rdr",NA,59729081
"Italy","Bologna","Emilia-Romagna",0,"2019/12/09 00:00:00",19,16069,389261,1,2,"Italian",0,"0","1","1","0","0","1",NA,"0","1","1",0.25,"23","38","https://www.facebook.com/watch/live/?ref=watch_permalink&v=410301796519696",NA,59729081
"Italy","Brescia","Lombardia",0,"2019/12/21 00:00:00",31,16069,196670,0,2,"Italian",0,"0","1","1","1","0","1",NA,"1","1","1",0.5,"0","0","https://www.facebook.com/NonUnaDiMenoBrescia/photos/gm.497365361158762/2856534421032010/?type=3&source=44&paipv=0&eav=AfYpH-MC2rUPqTpAYZdErSuXdkk2eUDyZpVLk3ySnjO-3wgfsMAg6mtqGAHcW0Nlgpo&_rdr",NA,59729081
"Italy","Cagliari","Sardegna",0,"2019/12/22 00:00:00",32,16069,154083,0,2,"Italian",0,"0",NA,NA,NA,NA,"1",NA,NA,"1","1",0.125,"0","0","https://www.facebook.com/nudmcagliari/photos/gm.1535111116640111/2629778560442261/?type=3&source=44&paipv=0&eav=Afa60MSlx-0IxK5_CvwbIexdps7gQXw4_D-trzqfT4WDgbubwqkt2NcKAQTYVotPQlA&_rdr",NA,59729081
"Italy","Florence","Toscana",0,"2019/12/08 00:00:00",18,16069,66799,0,2,"Italian",0,"0","1","0","0","0","1",NA,"1","1","1",0.5,"16","0","https://www.facebook.com/watch/?v=2839430176091220",NA,59729081
"Italy","Florence","Toscana",0,"2019/12/14 00:00:00",24,16069,66799,0,2,"Italian",0,"1","1","0","0","0","0",NA,"1","1","1",0.75,"68","0","https://www.facebook.com/watch/?v=2610937112318660",NA,59729081
"Italy","Florence","Toscana",0,"2020/02/13 00:00:00",85,16069,66799,0,2,"Italian",0,"0","1","0","0","0","1",NA,"0","1","1",0.25,"0","0","https://www.youtube.com/watch?v=_JEezZPtn0g",NA,59729081
"Italy","Genova","Liguria",0,"2019/12/07 00:00:00",17,16069,198979,1,1,"Spanish",1,"1","1","1","0","0","1","1","1","1","1",1,"0","0","https://www.facebook.com/events/s/performance-collettiva-un-viol/1547970522012758/?ti=cl",NA,59729081
"Italy","L'Aquila","Abruzzi",0,"2019/12/19 00:00:00",29,16069,344678,0,2,"Italian",0,"0","1","0","0","0","0",NA,"1","1","1",0.5,"0","0","https://www.facebook.com/fuorigenere/photos/gm.597090311099527/3083327378363615/?type=3&source=44&paipv=0&eav=AfagSmvVXzhBRrVZ3JIuY1tB86_MGvmVQQXYyVzMe6LckedVSROVEdEKkaGVBdU_TUI&_rdr",NA,59729081
"Italy","La Spezia","Liguria",0,"2019/12/14 00:00:00",24,16069,16227,0,2,"Italian",0,"0","1","0","0","0","1",NA,"1","1","1",0.5,"68","0","https://www.facebook.com/nudmlaspezia/photos/gm.518966055627057/1452398944909861/?type=3&source=44&paipv=0&eav=AfZ2V_oRMUedacORHyXlQj1P-sLs-Nkh9hLR3HsbI99SB1X6xe6EWXON8s6H5Y13frg&_rdr",NA,59729081
"Italy","Livorno","Toscana",0,"2019/12/12 00:00:00",22,16069,506654,0,2,"Italian",0,"0","1","0","1","0","1",NA,"1","1","1",0.5,"97","0","https://www.facebook.com/collettivoerestu/photos/gm.2576255415776738/113618643459010/?type=3&source=44&paipv=0&eav=AfZ9XF10w379qoYdhf2RmSoy6AuPJnxQIvcGQ0vB-rFKeCbF7NkDigj2cMCZoD_3Kzw&_rdr",NA,59729081
"Italy","Mantova","Lombardia",0,"2019/12/21 00:00:00",31,16069,23971000,0,2,"Italian",0,"0",NA,NA,NA,NA,"1",NA,"1","1","1",0.375,"0","0","https://www.facebook.com/maledonne.collettivo/photos/gm.846162335800520/2585962374791193/?type=3&source=44&paipv=0&eav=Afax-iOeetz4ZYxnLNNZgyN2tapW7PwddIt4yxlDK7TcFnyQqHZ8vI9kMPvHmBii7IA&_rdr",NA,59729081
"Italy","Milano","Lombardia",0,"2019/12/08 00:00:00",18,16069,467963,1,1,"Spanish",1,"1","1","1","1","0","1","1","1","1","1",1,"16","0","https://www.facebook.com/events/1131363467070720/?ti=cl",NA,59729081
"Italy","Milano","Lombardia",0,"2019/12/18 00:00:00",28,16069,467963,1,2,"Italian",0,"0","1",NA,NA,NA,"0","0","1","1","1",0.5,"12","0","https://twitter.com/MILinMOV/status/1207617886786904065",NA,59729081
"Italy","Modena","Emilia-Romagna",0,"2019/12/06 00:00:00",16,16069,1366180,1,1,"Spanish",1,"1",NA,NA,NA,NA,"1","1","1","1","1",0.875,"0","0","https://www.facebook.com/events/1449392235225855/?ti=cl",NA,59729081
"Italy","Napoli","Campania",0,"2019/11/30 00:00:00",10,16069,966144,1,1,"Italian",0,"0","1","0","0","0","1",NA,"1","1","1",0.5,"0","0","https://www.facebook.com/events/800663103687978/",NA,59729081
"Italy","Napoli","Campania",0,"2019/12/07 00:00:00",17,16069,966144,1,2,"Italian",0,"0","1","0","0","0","0",NA,"1","1","1",0.5,"0","0","https://www.facebook.com/watch/live/?ref=watch_permalink&v=568510487303044",NA,59729081
"Italy","Napoli","Campania",0,"2019/12/08 00:00:00",18,16069,966144,1,3,"Italian",0,"0","1","0","0","0","1","0",NA,"1","1",0.25,"16","0","https://twitter.com/CristinaNaples/status/1203651686411227136",NA,59729081
"Italy","Napoli","Campania",0,"2019/12/16 00:00:00",26,16069,966144,1,2,"Italian",0,"0","0","0","0","0","1",NA,"0","1","1",0.125,"0","0","https://twitter.com/soleedazzurro/status/1206584304014372864",NA,59729081
"Italy","Napoli","Campania",0,"2019/12/21 00:00:00",31,16069,966144,1,2,"Italian",0,"0","0","0","0","0","0",NA,NA,"0","1",0,"0","0","https://twitter.com/nicor_muc/status/1209240978378366976",NA,59729081
"Italy","Padua","Veneto",0,"2019/12/11 00:00:00",21,16069,152450,1,2,"Italian",0,"0","1","0","0","0","0",NA,"1","1","1",0.5,"0","0","https://www.facebook.com/watch/?v=2512098292412888",NA,59729081
"Italy","Pavia",NA,0,"2019/12/11 00:00:00",NA,NA,NA,NA,2,NA,NA,NA,NA,NA,NA,NA,NA,NA,NA,NA,NA,NA,NA,NA,"https://www.facebook.com/nonunadimenopavia/photos/gm.2071972812905382/512629649340569/?type=3&source=44&paipv=0&eav=AfZGUxp65b3pbKVibYux9Xtf1t7o7ha1qKGlPZi7Uj0dSqDLY5JKeBpLM3bkuERPY60&_rdr",NA,59729081
"Italy","Perugia","Umbria",0,"2019/12/15 00:00:00",25,16069,166676,0,2,"Italian",0,"0","1","0","0","0","1",NA,"1",NA,"1",0.375,"0","0","https://www.facebook.com/nonunadimenoperugia/photos/gm.2567974993256212/838795863240197/?type=3&source=44&paipv=0&eav=AfYCAfzL6k_oDR5l_vhEyZjTsPVf6DdI7IoagPEL20pRIbHLeU2eTvaRLUCrZ-VTtnc&_rdr",NA,59729081
"Italy","Pescara","Abruzzi",0,"2019/12/20 00:00:00",30,16069,120420,0,2,"Italian",0,"0","1","0","0","0","0",NA,"1","1","1",0.5,"0","0","https://www.facebook.com/nonunadimenoPescara/photos/gm.568669490595472/1468345243313315/?type=3&source=44&paipv=0&eav=AfaqqkplJoSWVU17IidAlGz35UyGaGnZU9XAb4eydkz1BM2zKdbMUgFsceLz_oathuA&_rdr",NA,59729081
"Italy","Piacenza","Emilia-Romagna",0,"2019/12/22 00:00:00",32,16069,1584064,0,2,"Italian",0,"0","1","0","0","0","1",NA,NA,"1","1",0.25,"0","0","https://www.facebook.com/watch/live/?ref=watch_permalink&v=665296790667750",NA,59729081
"Italy","Pisa","Toscana",0,"2019/12/14 00:00:00",24,16069,102355,1,1,"Italian",0,"0","1","1","1","0","1",NA,"1","1","1",0.5,"68","0","https://www.facebook.com/ChilenosToscana/photos/gm.2451371705074603/118138952988666/?type=3&source=44&paipv=0&eav=AfbMTUVRd1eC1rQ4sltK8p8Z4NPF1ZjSxm7-oNVIh_P5WC-SCjaDGF3UQ_IcbmaUAs8&_rdr",NA,59729081
"Italy","Ravenna","Emilia-Romagna",0,"2019/12/12 00:00:00",22,16069,2960048,0,2,"Italian",0,"0","1","0","0","0","1",NA,"1","1","1",0.5,"97","0","https://www.facebook.com/nudmRA/photos/gm.614554575948878/135072197932401/?type=3&source=44&paipv=0&eav=AfZIIRwl60LTGody4e1s_f3y_L8fefWbpuvJ3Xm68TIhmqFpZHBe4SnlSd6wwkwiGuA&_rdr",NA,59729081
"Italy","Reggio Calabria","Calabria",0,"2019/12/22 00:00:00",32,16069,159057,0,2,"Italian",0,"0","1","1","0","0","1",NA,NA,"1","1",0.25,"0","0","https://www.facebook.com/NUDMreggiocalabria/photos/gm.626359871444262/2473047129637176/?type=3&source=44&paipv=0&eav=AfZnbYnEDjjYZlcUo6LKGwOXKmBP0TZESw_j0lcsqe9GraKtIHuWfbMUOKxpDD1uTEE&_rdr",NA,59729081
"Italy","Reggio Emilia","Emilia-Romagna",0,"2019/12/13 00:00:00",23,16069,182551,0,2,"Italian",0,"0",NA,NA,NA,NA,"1",NA,"1","1","1",0.375,"0","0","https://www.facebook.com/SiamoTempesta/photos/gm.2638703702863174/3010635038960577/?type=3&source=44&paipv=0&eav=Afb6EhrCYP-ZU1cMZ0x71EqjoVTN44SYbH19Y1jbc-GVjMCkp0nvW2w5yJFy-fz_o2I&_rdr",NA,59729081
"Italy","Rome","Lazio",0,"2019/12/03 00:00:00",13,16069,2872800,1,2,"Spanish",1,"1",NA,NA,NA,NA,"1","1","0","1","1",0.625,"0","0","https://www.facebook.com/events/456796528371614/",NA,59729081
"Italy","Rome","Lazio",0,"2019/12/07 00:00:00",17,16069,2872800,1,2,"Italian",0,"0","1","1","1","0","1",NA,"1","1","1",0.5,"0","0","https://www.facebook.com/events/446058926104504/?ti=cl",NA,59729081
"Italy","Rome","Lazio",0,"2019/12/08 00:00:00",18,16069,2872800,1,2,"Italian",0,"0","1","1","1","0","0",NA,"1","1","1",0.5,"16","0","https://www.facebook.com/nonunadimenoroma/photos/gm.730979027412627/1452099061611623/?type=3&source=44&paipv=0&eav=AfZhSCJLDlzqRNr8rAvNg4bLbHqIUNtoFFz8Z0pvjTD5prKKbxWzmMZguA6arTwjyLU&_rdr",NA,59729081
"Italy","Salerno",NA,0,"2019/12/11 00:00:00",NA,NA,NA,NA,2,"Italian",NA,"0",NA,NA,NA,NA,NA,NA,NA,NA,NA,NA,NA,NA,"https://www.facebook.com/events/789927131468280?active_tab=about&paipv=0&eav=AfbUUkFlBvTA6SytgffDoRgscK8rZqYrtE28ncafmkBq9lepqqbQ6A6jrPyPw6dYYr4&_rdr",NA,59729081
"Italy","Siena","Toscana",0,"2019/12/16 00:00:00",26,16069,753675,0,2,"Italian",0,"0",NA,NA,NA,NA,".",NA,NA,NA,NA,0,"0","0","https://www.facebook.com/nonunadimenosiena/photos/gm.710442749364500/727482704440437/?type=3&source=44&paipv=0&eav=AfayE4hLffsb39dDUU_JO6zQ4bS_U-FwIFhXcJQ8oaZXAEH9A7GS4n00HWIVHxH0oA0&_rdr",NA,59729081
"Italy","Torino","Piemonte",0,"2019/12/16 00:00:00",26,16069,NA,1,2,"Italian",0,"0","1","1","1","0","1",NA,"1","1","1",0.5,"0","0","https://www.facebook.com/nonunadimenotorino/photos/gm.2412450475673705/2095308093904908/?type=3&source=44&paipv=0&eav=AfYJwihseXMCe-g21mvqaACxkjYQeQvTc1m4slbg0d5uZGdZdgca9lWEmw_5li-2zX0&_rdr",NA,59729081
"Italy","Trieste","Friuli-Venezia Giulia",0,"2019/12/07 00:00:00",17,16069,486828,0,2,"Spanish",1,"1","1","0","1","0","1","1","0","1","1",0.75,"0","0","https://www.facebook.com/watch/?v=575438029688246",NA,59729081
"Italy","Venice","Veneto",0,"2019/12/18 00:00:00",28,16069,257353,1,2,"Spanish",1,"1","1","0","0","0","1","1","1","1","1",1,"12","0","https://www.facebook.com/watch/?v=1174461339412553",NA,59729081
"Italy","Verona","Veneto",0,"2019/12/22 00:00:00",32,16069,45040,1,2,"Italian",0,"0","1","1","1","0","1",NA,NA,"1","1",0.25,"0","0","https://www.facebook.com/watch/?v=563214834516412",NA,59729081
"Italy","Vicenza","Veneto",0,"2019/12/22 00:00:00",32,16069,1911191,0,2,"Italian",0,"0","1","0","0","0","1",NA,NA,"1","1",0.25,"0","0","https://www.facebook.com/nonunadimenovicenza/photos/gm.3029007870447095/2384390368442167/?type=3&source=44&paipv=0&eav=AfbXUNLkmpAF1KC8jcqLLq8ni4Oja5-RYd3SOOqRBgv-calUaM2TJsphzM6z8xnyBc4&_rdr",NA,59729081
"Japan","Tokyo","Tokyo",0,"2019/12/10 00:00:00",20,737,418495,0,2,"Spanish",1,"1","1","0","0","0","1","1","1","1","1",1,"35","22","https://www.instagram.com/p/B55f6NCpQIh/",NA,126633000
"Kenya","Nairobi","Nairobi Area",0,"2019/12/08 00:00:00",18,0,5545000,0,3,"English",0,"0","1","1","0","0","0",NA,"1","1","1",0.5,"16","0","https://www.youtube.com/watch?v=KxgE8h5Kd5M",NA,50951450
"Kenya","Nairobi","Nairobi Area",0,"2019/12/11 00:00:00",20,0,5545000,0,3,"Swahili",0,"0","1","0","0","0","1",NA,"1","1","1",0.5,"35","22","https://www.facebook.com/574151038/posts/10156680282236039/",NA,50951450
"Kenya","Nairobi","Nairobi Area",0,"2019/12/11 00:00:00",21,0,5545000,0,3,"English",0,"0","1","0","0","0","1",NA,"0","1","1",0.25,"0","0","https://www.facebook.com/574151038/posts/10156680282236039/",NA,50951450
"Kosovo","Pristina",".",0,"2020/01/14 00:00:00",55,0,1335084,0,2,"Albanian",0,"0","1","0","0","0","0",NA,NA,"1","1",0.25,"0","0","https://www.youtube.com/watch?v=kF8p7ktaDjY",NA,1788878
"Kyrgyzstan","Bishkek","Bishkek",0,"2020/03/08 00:00:00",109,0,1053900,0,3,"Russian",0,"0","0","0","0","0",".",NA,NA,NA,"1",0,"0","0","https://twitter.com/aidai_erkebaeva/status/1236546761197486083","https://eurasianet.org/kyrgyzstan-womens-march-against-male-violence-attacked-by-masked-men",NA
"Lebanon","Beirut","Beyrouth",0,"2019/12/08 00:00:00",20,0,361366,0,3,"Arabic",0,"0","1","0","0","1","0",NA,"0","1","1",0.25,"35","22","https://twitter.com/Amesegura/status/1203360638522798080",NA,5781907
"Mexico","Torreon",NA,1,"2019/11/29 00:00:00",NA,NA,NA,NA,NA,NA,NA,NA,NA,NA,NA,NA,NA,NA,NA,NA,NA,NA,NA,NA,"https://www.zocalo.com.mx/un-violador-en-tu-camino-llega-a-saltillo/",NA,125085311
"Mexico","Ecatepec",NA,1,"2019/11/29 00:00:00",NA,NA,NA,NA,NA,NA,NA,NA,NA,NA,NA,NA,NA,NA,NA,NA,NA,NA,NA,NA,"https://www.youtube.com/watch?v=Z7TmaT48Q10",NA,125085311
"Mexico","Saltillo",NA,1,"2019/11/29 00:00:00",NA,NA,NA,NA,NA,NA,NA,NA,NA,NA,NA,NA,NA,NA,NA,NA,NA,NA,NA,NA,"https://www.youtube.com/watch?time_continue=2&v=ormWDq-8AIA&feature=emb_logo",NA,125085311
"Mexico","Xalapa",NA,1,"2019/11/29 00:00:00",NA,NA,NA,NA,NA,NA,NA,NA,NA,NA,NA,NA,NA,NA,NA,NA,NA,NA,NA,NA,"https://www.m.e-veracruz.mx/nota/2019-11-29/xalapa/con-performance-xalapenas-se-pronuncian-contra-violencia-de-genero-y",NA,125085311
"Mexico","Leon",NA,1,"2019/11/29 00:00:00",NA,NA,NA,NA,NA,NA,NA,NA,NA,NA,NA,NA,NA,NA,NA,NA,NA,NA,NA,NA,"https://www.facebook.com/watch/live/?ref=watch_permalink&v=2464587543782229",NA,125085311
"Mexico","Merida",NA,1,"2019/11/29 00:00:00",NA,NA,NA,NA,NA,NA,NA,NA,NA,NA,NA,NA,NA,NA,NA,NA,NA,NA,NA,NA,"https://www.facebook.com/watch/?v=638910876641388",NA,125085311
"Mexico","Morelia",NA,1,"2019/11/29 00:00:00",NA,NA,NA,NA,NA,NA,NA,NA,NA,NA,NA,NA,NA,NA,NA,NA,NA,NA,NA,NA,"https://www.facebook.com/watch/?v=2438331329788616",NA,125085311
"Mexico","Oaxaca",NA,1,"2019/11/29 00:00:00",NA,NA,NA,NA,NA,NA,NA,NA,NA,NA,NA,NA,NA,NA,NA,NA,NA,NA,NA,NA,"https://www.facebook.com/watch/?v=1029794414042465",NA,125085311
"Mexico","San Luis de Patoso",NA,1,"2019/11/29 00:00:00",NA,NA,NA,NA,NA,NA,NA,NA,NA,NA,NA,NA,NA,NA,NA,NA,NA,NA,NA,NA,"https://www.facebook.com/periodicovictoria/videos/551994922032963/",NA,125085311
"Mexico","Ciudad de Mexico",NA,1,"2019/11/29 00:00:00",NA,NA,NA,NA,NA,NA,NA,NA,NA,NA,NA,NA,NA,NA,NA,NA,NA,NA,NA,NA,"https://www.facebook.com/100004652202882/posts/1426553740843019/",NA,125085311
"Mexico","Toluca",NA,1,"2019/11/29 00:00:00",NA,NA,NA,NA,NA,NA,NA,NA,NA,NA,NA,NA,NA,NA,NA,NA,NA,NA,NA,NA,"https://www.eluniversal.com.mx/metropoli/edomex/mujeres-realizan-performance-un-violador-en-tu-camino-en-toluca/",NA,125085311
"Mexico","Queretaro",NA,1,"2019/11/29 00:00:00",NA,NA,NA,NA,NA,NA,NA,NA,NA,NA,NA,NA,NA,NA,NA,NA,NA,NA,NA,NA,"https://twitter.com/trianazepsal/status/1200575791295107072?s=19",NA,125085311
"Mexico","Guadalajara (mx)",NA,1,"2019/11/29 00:00:00",NA,NA,NA,NA,NA,NA,NA,NA,NA,NA,NA,NA,NA,NA,NA,NA,NA,NA,NA,NA,"https://twitter.com/MartinezCaliope/status/1200775686044209152?s=20",NA,125085311
"Mexico","Ciudad de Mexico",NA,1,"2019/11/29 00:00:00",NA,NA,NA,NA,NA,NA,NA,NA,NA,NA,NA,NA,NA,NA,NA,NA,NA,NA,NA,NA,"https://twitter.com/atomicdarinka/status/1200561043455578112?s=20%2C",NA,125085311
"Mexico","Puebla",NA,1,"2019/11/29 00:00:00",NA,NA,NA,NA,NA,NA,NA,NA,NA,NA,NA,NA,NA,NA,NA,NA,NA,NA,NA,NA,"https://retodiario.com/noticia/CAPITAL/Un-violador-en-tu-camino-tambien-llego-a-Puebla/174928.html",NA,125085311
"Mexico","Hermosillo",NA,1,"2019/11/29 00:00:00",NA,NA,NA,NA,NA,NA,NA,NA,NA,NA,NA,NA,NA,NA,NA,NA,NA,NA,NA,NA,"https://proyectopuente.com.mx/2019/11/30/se-unen-mujeres-feministas-al-performance-el-violador-eres-tu-en-hermosillo/",NA,125085311
"Mexico","Aguascalientes",NA,1,"2019/11/30 00:00:00",NA,NA,NA,NA,NA,NA,NA,NA,NA,NA,NA,NA,NA,NA,NA,NA,NA,NA,NA,NA,"https://www.facebook.com/MaximilianoFernandezGarcia/videos/2690152064383059/",NA,125085311
"Mexico","Veracruz",NA,1,"2019/11/30 00:00:00",NA,NA,NA,NA,NA,NA,NA,NA,NA,NA,NA,NA,NA,NA,NA,NA,NA,NA,NA,NA,"https://twitter.com/UnaCiudadAnah/status/1200801525821521920?s=20",NA,125085311
"Mexico","San Cristobal",NA,1,"2019/11/30 00:00:00",NA,NA,NA,NA,NA,NA,NA,NA,NA,NA,NA,NA,NA,NA,NA,NA,NA,NA,NA,NA,"https://twitter.com/CdhFrayba/status/1200836244873400323?s=20",NA,125085311
"Mexico","Ciudad Juarez",NA,1,"2019/12/01 00:00:00",NA,NA,NA,NA,NA,NA,NA,NA,NA,NA,NA,NA,NA,NA,NA,NA,NA,NA,NA,NA,"https://www.youtube.com/watch?v=xNwKsiFvLS0",NA,125085311
"Mexico","Tlaxcala",NA,1,"2019/12/01 00:00:00",NA,NA,NA,NA,NA,NA,NA,NA,NA,NA,NA,NA,NA,NA,NA,NA,NA,NA,NA,NA,"https://www.youtube.com/watch?v=xd5MjRPEJVc&feature=emb_logo",NA,125085311
"Mexico","Durango",NA,1,"2019/12/01 00:00:00",NA,NA,NA,NA,NA,NA,NA,NA,NA,NA,NA,NA,NA,NA,NA,NA,NA,NA,NA,NA,"https://www.facebook.com/watch/?v=1025007064503829",NA,125085311
"Mexico","Mexicali",NA,1,"2019/12/02 00:00:00",NA,NA,NA,NA,NA,NA,NA,NA,NA,NA,NA,NA,NA,NA,NA,NA,NA,NA,NA,NA,"https://www.youtube.com/watch?v=4yg_1nU2rt4",NA,125085311
"Mexico","Guanajuato",NA,1,"2019/12/02 00:00:00",NA,NA,NA,NA,NA,NA,NA,NA,NA,NA,NA,NA,NA,NA,NA,NA,NA,NA,NA,NA,"https://www.facebook.com/watch/?v=2892510594106246",NA,125085311
"Mexico","Ciudad de Mexico",NA,1,"2019/12/02 00:00:00",NA,NA,NA,NA,NA,NA,NA,NA,NA,NA,NA,NA,NA,NA,NA,NA,NA,NA,NA,NA,"https://www.facebook.com/520429681/posts/10157042598334682/",NA,125085311
"Mexico","Ciudad de Mexico",NA,1,"2019/12/02 00:00:00",NA,NA,NA,NA,NA,NA,NA,NA,NA,NA,NA,NA,NA,NA,NA,NA,NA,NA,NA,NA,"https://twitter.com/raflescabrera/status/1201612933156859904",NA,125085311
"Mexico","Ciudad de Mexico",NA,1,"2019/12/02 00:00:00",NA,NA,NA,NA,NA,NA,NA,NA,NA,NA,NA,NA,NA,NA,NA,NA,NA,NA,NA,NA,"https://twitter.com/i/status/1201605831336312838",NA,125085311
"Mexico","Ciudad de Mexico",NA,1,"2019/12/02 00:00:00",NA,NA,NA,NA,NA,NA,NA,NA,NA,NA,NA,NA,NA,NA,NA,NA,NA,NA,NA,NA,"https://twitter.com/i/status/1201602787446022145",NA,125085311
"Mexico","Ciudad de Mexico",NA,1,"2019/12/02 00:00:00",NA,NA,NA,NA,NA,NA,NA,NA,NA,NA,NA,NA,NA,NA,NA,NA,NA,NA,NA,NA,"https://noticiasenlamira.com/cdmx/alumnas-del-claustro-y-del-colmex-replican-un-violador-en-tu-camino/",NA,125085311
"Mexico","Ciudad de Mexico",NA,1,"2019/12/02 00:00:00",NA,NA,NA,NA,NA,NA,NA,NA,NA,NA,NA,NA,NA,NA,NA,NA,NA,NA,NA,NA,"https://noticiasenlamira.com/cdmx/alumnas-del-claustro-y-del-colmex-replican-un-violador-en-tu-camino/",NA,125085311
"Mexico","Tijuana",NA,1,"2019/12/03 00:00:00",NA,NA,NA,NA,NA,NA,NA,NA,NA,NA,NA,NA,NA,NA,NA,NA,NA,NA,NA,NA,"https://www.youtube.com/watch?v=if0VttYz7Vk",NA,125085311
"Mexico","Ensenada",NA,1,"2019/12/03 00:00:00",NA,NA,NA,NA,NA,NA,NA,NA,NA,NA,NA,NA,NA,NA,NA,NA,NA,NA,NA,NA,"https://www.youtube.com/watch?v=bTy38kOrGzM",NA,125085311
"Mexico","Puebla",NA,1,"2019/12/03 00:00:00",NA,NA,NA,NA,NA,NA,NA,NA,NA,NA,NA,NA,NA,NA,NA,NA,NA,NA,NA,NA,"https://twitter.com/IberoPuebla/status/1202326079186382849?s=19%2Chttps%3A%2F%2Fm.facebook.com%2Fstory.php%3Fstory_fbid%3D10157050590518871&id=71102263870%2Chttps%3A%2F%2Fwww.iberopuebla.mx%2Fnoticias_y_eventos%2Fnoticias%2Falumnas-de-ibero-puebla-se-unen-intervencion-un-violador-en-tu-camino",NA,125085311
"Mexico","Ciudad de Mexico",NA,1,"2019/12/03 00:00:00",NA,NA,NA,NA,NA,NA,NA,NA,NA,NA,NA,NA,NA,NA,NA,NA,NA,NA,NA,NA,"https://twitter.com/estefanniela/status/1201961161673052162",NA,125085311
"Mexico","Guadalajara (mx)",NA,1,"2019/12/06 00:00:00",NA,NA,NA,NA,NA,NA,NA,NA,NA,NA,NA,NA,NA,NA,NA,NA,NA,NA,NA,NA,"https://twitter.com/ELOCCIDENTAL/status/1203139135302594560",NA,125085311
"Mexico","Ciudad de Mexico",NA,1,"2019/12/07 00:00:00",NA,NA,NA,NA,NA,NA,NA,NA,NA,NA,NA,NA,NA,NA,NA,NA,NA,NA,NA,NA,"https://www.youtube.com/watch?v=Z7TmaT48Q10",NA,125085311
"Mexico","Monterrey",NA,1,"2019/12/07 00:00:00",NA,NA,NA,NA,NA,NA,NA,NA,NA,NA,NA,NA,NA,NA,NA,NA,NA,NA,NA,NA,"https://www.facebook.com/watch/?v=1502851999878998",NA,125085311
"Mexico","Monterrey",NA,1,"2019/12/07 00:00:00",NA,NA,NA,NA,NA,NA,NA,NA,NA,NA,NA,NA,NA,NA,NA,NA,NA,NA,NA,NA,"https://umap.openstreetmap.fr/es/map/un-violador-en-tu-camino-20192021-actualizado-2905_394247#13/25.6801/-100.2722",NA,125085311
"Mexico","Chihuahua",NA,1,"2019/12/07 00:00:00",NA,NA,NA,NA,NA,NA,NA,NA,NA,NA,NA,NA,NA,NA,NA,NA,NA,NA,NA,NA,"https://proyectopuente.com.mx/2019/11/30/se-unen-mujeres-feministas-al-performance-el-violador-eres-tu-en-hermosillo/",NA,125085311
"Mexico","Reynosa",NA,1,"2019/12/08 00:00:00",NA,NA,NA,NA,NA,NA,NA,NA,NA,NA,NA,NA,NA,NA,NA,NA,NA,NA,NA,NA,"https://www.youtube.com/watch?v=5t9ew-d07pg",NA,125085311
"Mexico","Cabo San Lucas",NA,1,"2019/12/08 00:00:00",NA,NA,NA,NA,NA,NA,NA,NA,NA,NA,NA,NA,NA,NA,NA,NA,NA,NA,NA,NA,"https://www.facebook.com/100000514218438/posts/3311425518884556/?d=n",NA,125085311
"Mexico","Orizaba",NA,1,"2019/12/09 00:00:00",NA,NA,NA,NA,NA,NA,NA,NA,NA,NA,NA,NA,NA,NA,NA,NA,NA,NA,NA,NA,"https://www.sinembargo.mx/09-12-2019/3692692",NA,125085311
"Mexico","Matamoros",NA,1,"2019/12/09 00:00:00",NA,NA,NA,NA,NA,NA,NA,NA,NA,NA,NA,NA,NA,NA,NA,NA,NA,NA,NA,NA,"https://www.facebook.com/100011268045654/videos/982393988812860/?hc_location=ufi",NA,125085311
"Mexico","Tijuana",NA,1,"2019/12/11 00:00:00",NA,NA,NA,NA,NA,NA,NA,NA,NA,NA,NA,NA,NA,NA,NA,NA,NA,NA,NA,NA,"https://www.youtube.com/watch?v=bTy38kOrGzM",NA,125085311
"Mexico","Cualican",NA,1,"2019/12/11 00:00:00",NA,NA,NA,NA,NA,NA,NA,NA,NA,NA,NA,NA,NA,NA,NA,NA,NA,NA,NA,NA,"https://www.eldiariodechihuahua.mx/",NA,125085311
"Mexico","Juchitan",NA,1,"2019/12/12 00:00:00",NA,NA,NA,NA,NA,NA,NA,NA,NA,NA,NA,NA,NA,NA,NA,NA,NA,NA,NA,NA,"https://twitter.com/LuisGallegosMx/status/1205281201659039745,https://www.excelsior.com.mx/nacional/jovenes-zapotecas-entonan-un-violador-en-tu-camino-en-oaxaca/1352934",NA,125085311
"Morocco","Tetouan","Tanger-Tetouan",0,"2020/01/22 00:00:00",63,0,451523,0,3,"Arabic",0,"0","1","0","0","0","0",NA,"0","0","1",0.125,"100","0","https://www.youtube.com/watch?v=I-0RGMQFHIs",NA,36304408
"Mozambique","Beira","Sofala",0,"2019/12/11 00:00:00",21,0,436240,0,2,"Portuguese",0,"0","0","0","0","0","0",NA,"0","0","1",0,"0","0","https://twitter.com/KenaLorenziniL/status/1204745039336882177?s=19",NA,30285595
"Netherlands","Amsterdam","Noord-Holland",0,"2019/12/01 00:00:00",11,4413,862965,1,1,"Spanish",1,"1","1","1","1","0","1","1","1","0","1",0.875,"25","0","https://www.youtube.com/watch?v=Ea7FPMbyod4&feature=youtu.be",NA,17344874
"Netherlands","Gronningen","Groningen",0,"2020/03/08 00:00:00",109,4413,200336,0,2,"English",0,"0","1","0","0","0","1","0","0","1","0",0.25,NA,NA,"https://www.facebook.com/watch/?v=196598424900775",NA,17344874
"Netherlands","Utrecht","Utrecht",0,"2019/12/12 00:00:00",22,4413,343779,1,2,"English",1,"0","1","0","0","0","1",NA,NA,NA,"1",0.125,"97","0","https://www.facebook.com/events/1034754460206980",NA,17344874
"New Zealand","Auckland","Auckland",0,"2019/12/01 00:00:00",11,2959,1346091,1,1,"Spanish",1,"1","1","0","1","1","1","0","1","1","1",0.75,"25","0","https://www.facebook.com/events/aotea-square/performance-un-violador-en-tu-camino-auckland/43128221446986/",NA,4979200
"New Zealand","Christchurch","Canterbury",0,"2019/12/08 00:00:00",18,2959,383200,0,1,"Spanish",1,"1","1","1","0","0","1","1","1","1","1",1,"16","0","https://www.facebook.com/events/2517502298486313/,https://m.facebook.com/events/2517502298486313?view=permalink&id=2524017037834839&anchor_composer=false",NA,4979200
"New Zealand","Wellington","Wellington",0,"2019/12/07 00:00:00",17,2959,418500,1,1,"Spanish",1,"1","1","1","1","0",".",NA,NA,NA,NA,0.375,"0","0","https://www.facebook.com/events/el-mural-latino-216-riddiford-st-newtown-wellington-6021-new-zealand/el-violador-eres-tu-feminist-solidarity-performance-for-chile/1003789370013911/",NA,4979200
"New Zealand","Wellington","Wellington",0,"2019/12/14 00:00:00",17,2959,418500,1,1,"Spanish",1,"1","1","1","1","0",".",NA,NA,NA,NA,0.375,"0","0","https://www.facebook.com/events/el-mural-latino-216-riddiford-st-newtown-wellington-6021-new-zealand/el-violador-eres-tu-feminist-solidarity-performance-for-chile/1003789370013911/",NA,4979200
"New Zealand","Wellington","Wellington",0,"2020/01/15 00:00:00",56,2959,418500,1,3,"English",0,"0","1","0","1","0","0",NA,"0","1","1",0.25,"0","0","https://twitter.com/CDMHonduras/status/1202715047446880289?s=20",NA,4979200
"Nicaragua","Managua",NA,1,"2019/12/01 00:00:00",NA,NA,NA,NA,NA,NA,NA,NA,NA,NA,NA,NA,NA,NA,NA,NA,NA,NA,NA,NA,NA,NA,6663924
"Norway","Bergen","Hordaland",0,"2019/12/08 00:00:00",18,10083,271949,0,1,"Spanish",1,"1","1","1","0","0","1","1","1","1","1",1,"16","0","https://www.facebook.com/watch/?v=443565179917393",NA,5347896
"Norway","Oslo","Oslo",0,"2019/12/07 00:00:00",17,10083,634293,1,1,"Spanish",1,"1","1","1","1","0","1","1","1","1","1",1,"0","0","https://www.facebook.com/events/tigeren/flashmob-m-oslo-un-violador-en-tu-camino/427765951511615/","https://www.instagram.com/kvinnegruppaottar/p/B5zgNnXpVhL/?locale=%25E5%25AE%259A%25E5%2588%25B6%25E8%258F%25B2%25E5%25BE%258B%25E5%25AE%25BE%25E9%259B%2585%25E6%2580%259D%25E6%2588%2590%25E7%25BB%25A9%25E5%258D%259%3A%2F%2Fwww.allergyspecialistsofknoxville.com%2F%3Fs%3D%25E4%25BB%25A3%25E5%258A%259E%25E6%25A0%25BC%25E9%25B2%2581%25E5%2590%2589%25E4%25BA%259A%25E5%2593%2588%25E8%2590%25A8%25E5%2585%258B%25E6%2596%25AF%25E5%259D%25A6%25E5%25B7%25A5%25E5%258D%25A1%25E3%2580%2596%25E5%25A8%2581%25E4%25BF%25A1%252BTG%252F%25E9%25A3%259E%25E6%259C%25BA%253A%2540buth2788%25E3%2580%25974O2pw&hl=ar&img_index=1",5347896
"Norway","Oslo","Oslo",0,"2020/01/18 00:00:00",59,10083,634293,1,2,"Norwegian",0,"0",".",".",".",".",".",".",".",".",".",NA,".",".",NA,NA,5347896
"Norway","Oslo","Oslo",0,"2020/03/08 00:00:00",109,10083,634293,1,2,"Norwegian",0,"0",".",".",".",".",".",".",".",".",".",NA,".",".",NA,NA,5347896
"Pakistan","Karachi",".",0,"2020/03/08 00:00:00",109,0,113457,0,2,"Urdu",0,"0","1","0","0","0","0",NA,"0","1","1",0.25,"0","0","https://www.youtube.com/watch?v=VuVwD3fRCew",NA,223293280
"Panama","Panama",NA,1,"2019/12/06 00:00:00",NA,NA,NA,NA,NA,NA,NA,NA,NA,NA,NA,NA,NA,NA,NA,NA,NA,NA,NA,NA,"https://www.facebook.com/SimposioMujeresEnLaMusicaEamUcr/videos/2626238774129065/",NA,4232532
"Paraguay","Asuncion",NA,1,"2019/11/30 00:00:00",NA,NA,NA,NA,NA,NA,NA,NA,NA,NA,NA,NA,NA,NA,NA,NA,NA,NA,NA,NA,"https://www.youtube.com/watch?v=jzD9fyMMm2k&feature=youtu.be",NA,6530026
"Paraguay","Asuncion",NA,1,"2019/12/03 00:00:00",NA,NA,NA,NA,NA,NA,NA,NA,NA,NA,NA,NA,NA,NA,NA,NA,NA,NA,NA,NA,"https://www.facebook.com/watch/?v=733078187184906",NA,6530026
"Peru","Lima",NA,1,"2019/12/01 00:00:00",NA,NA,NA,NA,NA,NA,NA,NA,NA,NA,NA,NA,NA,NA,NA,NA,NA,NA,NA,NA,"https://twitter.com/Alex24820213/status/1201277625102209024?s=20",NA,32824861
"Peru","Trujillo",NA,1,"2019/12/07 00:00:00",NA,NA,NA,NA,NA,NA,NA,NA,NA,NA,NA,NA,NA,NA,NA,NA,NA,NA,NA,NA,"https://www.facebook.com/waykaperu/posts/2622235957860788",NA,32824861
"Peru","Cusco",NA,1,"2019/12/08 00:00:00",NA,NA,NA,NA,NA,NA,NA,NA,NA,NA,NA,NA,NA,NA,NA,NA,NA,NA,NA,NA,"https://umap.openstreetmap.fr/es/map/un-violador-en-tu-camino-20192021-actualizado-2905_394247#5/-15.454/-75.256",NA,32824861
"Philippines","Manila","Gran Manila",0,"2020/02/06 00:00:00",78,0,1056247,0,2,"tagalog",0,"0","0","0","0","0","1",NA,"0","0","1",0,"0","0","https://www.youtube.com/watch?v=CQggYBC4it4",NA,110380804
"Philippines","Quezon City","Quezon",0,"2020/03/08 00:00:00",109,0,705103,0,3,"tagalog",0,"0","0","0","0","0",".",NA,NA,NA,"1",0,"0","0","https://twitter.com/oxfamph/status/1236588318898307077",NA,110380804
"Poland","Gdansk","Pomorskie",0,"2019/12/21 00:00:00",31,104,230241,0,3,"Polish",0,"0","1","1","1","0","0",NA,"0","1","1",0.25,"0","0","https://www.facebook.com/Gasiorowski.Pamela/videos/10221410087900319/?_rdc=1&_rdr",NA,37965475
"Poland","Warsaw","Mazowieckie",0,"2019/12/08 00:00:00",18,104,66275,0,3,"Polish",0,"0","1","0","0","0","0",NA,NA,NA,"1",0.125,"16","0","https://www.facebook.com/watch/?v=490455574898025&_rdc=2&_rdr","https://www.facebook.com/watch/?v=531108884284801&_rdc=2&_rdr",37965475
"Portugal","Coimbra","Coimbra",0,"2019/12/16 00:00:00",26,403,143396,0,2,"Portuguese",0,"0","1","0","0","0","1",NA,"1","1","1",0.5,"0","0","https://www.facebook.com/events/s/coimbra-performance-un-violado/1642993282515537/",NA,10286263
"Portugal","Lisbon","Lisboa",0,"2019/12/08 00:00:00",18,403,232741,1,2,"Portuguese",0,"0","1","0","1","0","1","1","1","1","1",0.75,"16","0","https://www.facebook.com/watch/?v=219053776791890",NA,10286263
"Portugal","Porto","Porto",0,"2019/12/14 00:00:00",24,403,654741,0,2,"Portuguese",0,"0","1","0","0","0","1",NA,"1","1","1",0.5,"68","0","https://www.facebook.com/events/s/um-violador-no-teu-caminho-por/826592324437938/",NA,10286263
"Portugal","Tavira","Faro",0,"2019/12/17 00:00:00",27,403,26164,0,2,"Portuguese",0,"0","0","0","1","0","0",NA,"0","1","1",0.125,NA,NA,"https://www.youtube.com/watch?v=TKPeIzMN6CQ",NA,10286263
"Portugal","Vila Real","Vila Real",0,"2019/12/18 00:00:00",28,403,1790658,0,2,"Portuguese",0,"0","1","0","0","0","1",NA,"1","1","1",0.5,"12","0","https://www.facebook.com/events/s/vila-real-um-violador-no-teu-c/2730098650381744/",NA,10286263
"Puerto Rico","San Juan",NA,1,"2019/12/20 00:00:00",NA,NA,NA,NA,NA,NA,NA,NA,NA,NA,NA,NA,NA,NA,NA,NA,NA,NA,NA,NA,"https://www.youtube.com/watch?v=9NQcdHQhqm4",NA,3193694
"Puerto Rico","San Juan",NA,1,"2019/12/20 00:00:00",NA,NA,NA,NA,NA,NA,NA,NA,NA,NA,NA,NA,NA,NA,NA,NA,NA,NA,NA,NA,"https://www.youtube.com/watch?v=36s5DVqpP0w",NA,3193694
"Russia","Moscow","Moskva",0,"2020/03/07 00:00:00",108,0,3519595,0,2,"Russian",0,"0","1","0","0","0","1",NA,"0","1","1",0.25,"0","0","https://www.facebook.com/watch/?v=188586652438638",NA,NA
"Russia","St petersburg","Saint Petersburg City",0,"2020/03/08 00:00:00",109,0,53772,0,2,"Russian",0,"0","0","0","0","0",".",NA,NA,"1","1",0.125,"0","0","https://www.instagram.com/p/B9mDOVXJizZ/?igshid=114tobhgrl0ti",NA,NA
"Slovakia","Bratislava","Bratislava",0,"2019/12/11 00:00:00",21,16,475503,0,3,"Slovakian",0,"0","1","0","0","0",".",NA,"1","1","1",0.5,"0","0","https://www.youtube.com/watch?v=9-pCXm1cFp0",NA,NA
"Spain","A Coruña","Galicia",0,"2019/12/06 00:00:00",16,10606,244850,0,2,"Spanish",1,NA,"1","0","0","0","1",NA,NA,NA,NA,0.125,"0","0","https://www.youtube.com/watch?v=PoPj_12ncSI",NA,47134837
"Spain","Ainsa","Aragon",0,"2019/12/17 00:00:00",27,10606,2151,0,3,"Spanish",1,NA,"1","0","0","0","1","1","1","1","1",0.75,"0","28","https://www.youtube.com/watch?v=YD_z9xLJmLk",NA,47134837
"Spain","Alicante","Comunidad Valenciana",0,"2019/11/29 00:00:00",9,10606,337304,1,2,"Spanish",1,NA,"1","0","0","0","0","1","1","1","1",0.75,"0","0","https://www.facebook.com/watch/?v=432030707443104&t=4",NA,47134837
"Spain","Almería","Andalucia",0,"2019/12/01 00:00:00",11,10606,196851,0,2,"Spanish",1,NA,"1","0","0","0","1","1","1","1","1",0.75,"25","0","https://twitter.com/FeMiGrantxs/status/1201067745170935808?s=20",NA,47134837
"Spain","Barcelona","Catalonia",0,"2019/12/02 00:00:00",12,10606,4735000,1,1,"Spanish",1,NA,"1","0","0","0","1","0","1","1","1",0.5,"0","13","https://twitter.com/susiepopp/status/1200445644919447552?s=20",NA,47134837
"Spain","Bera","Navarra",0,"2019/12/08 00:00:00",18,10606,3761,0,1,"Basque",0,"0","1","0","0","0","1",NA,"1","1","1",0.5,"16","0","https://www.youtube.com/watch?v=iRuiaIX79JU",NA,47134837
"Spain","Bilbao","Pais Vasco",0,"2019/12/19 00:00:00",29,10606,346405,1,3,"Spanish",1,NA,"1","0","0","0","1","1","1","1","1",0.75,"32","0","https://twitter.com/IrantzuVarela/status/1207764130045796352",NA,47134837
"Spain","Cádiz","Andalucia",0,"2019/12/07 00:00:00",17,10606,116979,0,2,"Spanish",1,NA,"1","0","0","0","1","1","1","1","1",0.75,"0","0","https://www.facebook.com/610661409058649/photos/a.627005927424197/1659870380804408/?type=3&source=48&paipv=0&eav=AfZgQdtaHzwDvIere115DNQUB4ovI3_lyqDdDyh0Z4mBU9S1b9e5VPeKUPsCkfV4Y5U&_rdr",NA,47134837
"Spain","Ferrol","Galicia",0,"2019/12/15 00:00:00",25,10606,548000,0,2,"Galician",0,"0","1","0","0","0","1",NA,"0","1","1",0.25,"0","0","https://www.youtube.com/watch?v=7eUmN-l7bK4",NA,47134837
"Spain","Gijon","Asturias",0,"2020/01/26 00:00:00",67,10606,472000,0,2,"Asturian",0,"0","1","0","0","0","0",NA,NA,"1","1",0.25,"43","23","https://www.youtube.com/watch?v=3BChVd3j-9g",NA,47134837
"Spain","Granada","Andalucia",0,"2019/12/01 00:00:00",11,10606,604829,1,1,"Spanish",1,NA,"1","0","0","0","1","1","1","1","1",0.75,"25","0","https://www.youtube.com/watch?v=u8M2_Vu48eU",NA,47134837
"Spain","Granollers","Catalonia",0,"2020/01/26 00:00:00",67,10606,232208,0,2,"Catalan",0,"0","1","0","0","0","0","0","0","1","1",0.25,"43","23","https://twitter.com/burguilloslopez/status/1221465771177598976",NA,47134837
"Spain","Guadalajara","Castilla-La Mancha",0,"2019/12/10 00:00:00",20,10606,160649,0,2,"Spanish",1,NA,"1","0","1","0","1","1","0","1","1",0.5,"35","22","https://www.eldiario.es/castilla-la-mancha/video-representacion-feminista-unvioladorentucamino-guadalajara_1_1194887.html",NA,47134837
"Spain","Huesca","Aragon",0,"2019/12/20 00:00:00",30,10606,206097,0,2,"Spanish",1,NA,"1","0","0","0","1","1","1","1","1",0.75,"0","0","https://twitter.com/Huelga8MHuesca/status/1208084377428738048",NA,47134837
"Spain","Jaez","Andalucia",0,"2019/12/12 00:00:00",22,10606,329052,0,3,"Spanish",1,NA,"1","0","0","0","1",NA,NA,NA,NA,0.125,"97","0","https://www.ideal.es/jaen/jaen/violador-grito-feminista-20191212131308-nt.html?ref=https:%2F%2Fes.wikipedia.org%2F",NA,47134837
"Spain","La Garriga","Catalonia",0,"2019/12/22 00:00:00",32,10606,69605,0,2,"Catalan",0,"0","1","0","1","0","1","0",NA,"1","1",0.25,"0","0","https://sorotopia.com/2019/12/22/un-violador-en-tu-camino-la-garriga-22-de-desembre-de-2019/",NA,47134837
"Spain","Lanzarote","Canarias",0,"2019/12/14 00:00:00",24,10606,93678,0,2,"Spanish",1,NA,"1","0","0","0","1","0","1","1","1",0.5,"68","0","https://www.facebook.com/watch/?v=2901063299913037",NA,47134837
"Spain","Madrid","Madrid",0,"2019/11/29 00:00:00",9,10606,6006000,1,2,"Spanish",1,NA,"1","0","0","0","1","1","1","1","1",0.75,"0","0","https://twitter.com/FeMiGrantxs/status/1200437722734833665?s=19",NA,47134837
"Spain","Madrid","Madrid",0,"2019/12/06 00:00:00",16,10606,6006000,1,3,"Spanish",1,NA,"1","0","0","0","1","0","1","1","1",0.5,"0","0",NA,NA,47134837
"Spain","Madrid","Madrid",0,"2019/12/16 00:00:00",26,10606,6006000,1,3,"Spanish",1,NA,"1","0","0","0","1","0","1","1","1",0.5,"0","0","https://twitter.com/cgtzonasur/status/1206687913754447872",NA,47134837
"Spain","Madrid","Madrid",0,"2020/03/08 00:00:00",109,10606,6006000,1,2,"Spanish",1,NA,"1","0","0","0","1","0","1","1","1",0.5,"0","0",NA,NA,47134837
"Spain","Malaga","Andalucia",0,"2019/12/01 00:00:00",11,10606,571026,1,2,"Spanish",1,NA,"1","0","0","0","1","0","1","1","1",0.5,"25","0","https://twitter.com/FeMiGrantxs/status/1201090177239793664",NA,47134837
"Spain","Manresa","Catalonia",0,"2019/11/30 00:00:00",10,10606,547627,0,3,"Spanish",1,NA,"1","0","0","0","1","1","1","1","1",0.75,"0","0","https://twitter.com/nuriacanal10/status/1200795934038339584?s=20",NA,47134837
"Spain","Murcia","Murcia",0,"2019/12/15 00:00:00",25,10606,22186000,0,1,"Spanish",1,NA,"1","0","0","0","1","0","1","1","1",0.5,"0","0","https://www.youtube.com/watch?v=EeKJAhk7nBU",NA,47134837
"Spain","Oviedo","Asturias",0,"2019/11/29 00:00:00",9,10606,693494,1,3,"Spanish",1,NA,"1","0","0","0","1","1","1","1","1",0.75,"0","0","https://twitter.com/VirgiCocina/status/1200472876970844161?s=20",NA,47134837
"Spain","Palma de Mallorca","Islas Baleares",0,"2019/12/08 00:00:00",18,10606,209829,1,1,"Spanish",1,NA,"1","1","0","0","1","1","1","1","1",0.75,"16","0","https://www.youtube.com/watch?v=m8a1xH__QEY",NA,47134837
"Spain","Pamplona","Navarra",0,"2019/12/18 00:00:00",28,10606,419366,1,1,"Spanish",1,NA,"1","0","0","0","1","1","1","1","1",0.75,"12","0","https://www.youtube.com/watch?v=JxEYLCXhhuw",NA,47134837
"Spain","Pontevadra","Galicia",0,"2019/12/06 00:00:00",16,10606,90488,0,2,"Spanish",1,NA,"1","0","0","0","1","1","1","1","1",0.75,"0","0","https://www.facebook.com/watch/?v=620310828798228",NA,47134837
"Spain","Salamanca","Castilla y Leon",0,"2019/12/13 00:00:00",23,10606,2872800,1,2,"Spanish",1,NA,"1","0","0","0","1","1","1","1","1",0.75,"0","0","https://twitter.com/movfeministasa/status/1205492079847235585?s=20",NA,47134837
"Spain","San Sebastian","Pais Vasco",0,"2019/12/06 00:00:00",16,10606,881549,1,1,"Spanish",1,NA,"1","1","0","1","1","1","1","1","1",0.75,"0","0","https://www.facebook.com/watch/?v=2452470778198425",NA,47134837
"Spain","Santa Coloma de Gramanet","Catalonia",0,"2019/12/15 00:00:00",25,10606,311000,0,2,"Spanish",1,NA,"1","0","0","0","1","1","1","1","1",0.75,"0","0","https://www.youtube.com/watch?v=CwW-Lw_YOSg",NA,47134837
"Spain","Santander","Cantabria",0,"2019/12/12 00:00:00",22,10606,117375,1,2,"Spanish",1,NA,"1","0","0","0","1","0","1","1","1",0.5,"97","0","https://www.facebook.com/watch/?v=2452470778198425",NA,47134837
"Spain","Santiago de Compostela","Galicia",0,"2019/12/11 00:00:00",21,10606,204856,1,2,"Galician",1,"0","1","0","0","0",".",NA,NA,NA,"0",0.125,"0","0","https://www.youtube.com/watch?v=edXKLwyIJu8&feature=youtu.be",NA,47134837
"Spain","Sevilla","Andalucia",0,"2019/12/09 00:00:00",19,10606,96405,1,3,"Spanish",1,NA,"1","0","1","0","1","1","1","1","1",0.75,"23","38","https://www.youtube.com/watch?v=EeKJAhk7nBU",NA,47134837
"Spain","Soria","Castilla y Leon",0,"2019/12/12 00:00:00",22,10606,684234,0,3,"Spanish",1,NA,"1","0","0","0","1","1","1","1","1",0.75,"97","0","https://www.facebook.com/watch/",NA,47134837
"Spain","Tarragona","Catalonia",0,"2019/12/07 00:00:00",17,10606,630305,1,1,"Spanish",1,NA,"1","1","1","0","1","0","1","1","1",0.5,"0","0","https://twitter.com/CUPTarragona/status/1205805380997009409?s=20",NA,47134837
"Spain","Tenerife","Canarias",0,"2019/12/06 00:00:00",16,10606,132299,1,2,"Spanish",1,NA,"1","0","0","0","1","1","1","1","1",0.75,"0","0","https://twitter.com/isla_martu/status/1203015654401552388?s=19",NA,47134837
"Spain","Valencia","Comunidad Valenciana",0,"2019/12/13 00:00:00",23,10606,789744,1,2,"Valencian",0,"0","1","0","0","0",".",NA,"1","1","1",0.5,"0","0","https://twitter.com/AssembleaVlc/status/1203757740457439235",NA,47134837
"Spain","Valladolid","Castilla y Leon",0,"2019/12/15 00:00:00",25,10606,298866,0,3,"Spanish",1,NA,"1","0","0","0","0","0","1","1","1",0.5,"0","0","https://www.youtube.com/watch?time_continue=3&v=cvJrYpas_p0&feature=emb_logo",NA,47134837
"Spain","Vic","Catalonia",0,"2019/12/09 00:00:00",19,10606,112198,0,3,"Catalan",0,"0","1","1","0","0","1","0","1","1","1",0.5,"23","38","https://umap.openstreetmap.fr/es/map/un-violador-en-tu-camino-20192021-actualizado-2905_394247#9/41.9304/2.2541",NA,47134837
"Spain","Zaragoza","Aragon",0,"2019/11/30 00:00:00",10,10606,675301,1,2,"Spanish",1,NA,"1","0","0","0","1","1","1","1","1",0.75,"0","0","https://umap.openstreetmap.fr/es/map/un-violador-en-tu-camino-20192021-actualizado-2905_394247#9/41.6523/-0.8809",NA,47134837
"Sweden","Gothenburg","Vastra Gotaland",0,"2019/12/03 00:00:00",12,56138,1688907,1,1,"Spanish",1,NA,"1","1","1",NA,"1","1","1","1","1",0.75,"0","13","https://www.youtube.com/watch?v=Sn_UPxTQiuo&t=3s",NA,10278887
"Sweden","Norrköping","Ostergotlands Lan",0,"2019/12/04 00:00:00",14,56138,341032,1,1,"Spanish",1,NA,"1","0","1","0","1","1","1","1","1",0.75,"0","0","https://www.youtube.com/watch?v=FkQQGxTa_js",NA,10278887
"Sweden","Stockholm","Stockholms Lan",0,"2019/12/02 00:00:00",13,56138,39112,1,1,"Spanish",1,NA,"1","1","1","0","1","1","1","1","1",0.75,"0","0","https://www.facebook.com/watch/?v=283228729273467",NA,10278887
"Sweden","Stockholm","Stockholms Lan",0,"2019/12/11 00:00:00",21,56138,5384342,1,2,"Swedish",0,"0","1","0","1","0","0",NA,"1","1","1",0.5,"0","0","https://www.youtube.com/watch?v=G0D4fLwecC0",NA,10278887
"Sweden","Uppsala","Uppsala Lan",0,"2019/12/17 00:00:00",27,56138,177074,1,1,"Spanish",1,NA,"1",NA,NA,"0","1","1","1","1","1",0.75,"0","28","https://www.facebook.com/events/580917002478506/?active_tab=about",NA,10278887
"Sweden","Växjö","Kronobergs Lan",0,"2019/12/14 00:00:00",24,56138,261905,1,3,"Spanish",1,NA,"1","0","0","0","1","1","1","1","1",0.75,"68","0","https://www.youtube.com/watch?v=KpOoXUwRMPw&t=6s",NA,10278887
"Switzerland","Bern","Bern",0,"2019/12/13 00:00:00",22,11538,133115,1,2,"German",0,"0","1","0","0","0","1",NA,"0","0","1",0.125,"97","0","https://vimeo.com/379202811",NA,8575280
"Switzerland","Geneva","Geneve",0,"2019/12/01 00:00:00",11,11538,198979,1,1,"Spanish",1,NA,"1","0","0","0","1","0","1","1","1",0.5,"25","0","https://www.facebook.com/watch/?v=429351577747049",NA,8575280
"Switzerland","Geneva","Geneve",0,"2019/12/17 00:00:00",27,11538,198979,1,2,"French",0,"0","1","0","0","0","0","0","1","1","1",0.5,"0","28","https://twitter.com/isatrapa/status/1207010853675044864?s=20",NA,8575280
"Switzerland","Lausanne","Vaud",0,"2019/12/10 00:00:00",20,11538,150998,1,1,"spanish",1,NA,"1","1","0","1","1","1","1","1","1",0.75,"35","22","https://www.youtube.com/watch?v=xhQzYsCIiAs",NA,8575280
"Switzerland","Lausanne","Vaud",0,"2020/03/08 00:00:00",109,11538,137810,1,3,"Spanish",1,"1","1","0","1","0","1","1",NA,"1","1",0.75,"0","0","https://www.youtube.com/watch?v=HuetEsqIUP8",NA,8575280
"Switzerland","Neuchatel","Neuchatel",0,"2020/03/08 00:00:00",109,11538,966144,0,2,"French",0,"0","0","0","0","0","1",NA,"0","1","1",0.125,"0","0","https://www.youtube.com/watch?v=TQuX1FJeuP4",NA,8575280
"Switzerland","Zürich","Zurich",0,"2019/12/07 00:00:00",17,11538,434008,1,1,"Spanish",1,NA,"1","1","0","0","0","0","1","1","1",0.5,"0","0","https://vimeo.com/379252419",NA,8575280
"Syria","Rojava","Rojava",0,"2019/12/15 00:00:00",25,0,122853,0,2,"Turkish",0,"0","1","0","0","0",".",NA,NA,"1","1",0.25,"0","0","https://twitter.com/Kog_kkb/status/1208291854913081345",NA,NA
"Tunisia","Tunis",".",0,"2019/12/14 00:00:00",24,0,204234,0,2,"arabic",0,"0","1","0","0","0","0",NA,NA,NA,"0",0.125,"68","0","https://www.youtube.com/watch?v=laJaAAh5bjw",NA,12049314
"Turkey","Ankara","Ankara",0,"2019/12/12 00:00:00",22,NA,5310000,0,2,"Turkish",NA,NA,NA,NA,NA,NA,NA,NA,NA,NA,NA,NA,NA,NA,"https://twitter.com/AnkaraKadin/status/1201851127177846785",NA,NA
"Turkey","Ankara","Ankara",0,"2019/12/14 00:00:00",24,87,5310000,0,2,"Turkish",0,"0","0","0","0","0","0",NA,NA,NA,"1",0,"68","0","https://twitter.com/Istanbultelaviv/status/1205993768127803392?s=20",NA,NA
"Turkey","Ankara","Ankara",0,"2019/12/25 00:00:00",35,87,5310000,0,2,"Turkish",0,"0","0","0","0","0",".",NA,NA,NA,"1",0,"29","27","https://twitter.com/dokuz8news/status/1209838986031763456",NA,NA
"Turkey","Antalya","Antalya",0,"2019/12/29 00:00:00",39,87,1319000,0,2,"Turkish",0,"0","0","0","0","0",".",NA,NA,NA,"1",0,"0","0","https://twitter.com/KampusCadilari/status/1209756183927705601",NA,NA
"Turkey","Canakkale",".",0,"2019/12/18 00:00:00",28,87,195439,0,2,"Turkish",0,"0","1","0","0","0",".",NA,NA,"1","1",0.25,"12","0","https://t24.com.tr/video/kaz-daglarinda-altin-madenine-karsi-direnen-kadinlardan-las-tesis-performansi,25138",NA,NA
"Turkey","Istanbul","Istanbul",0,"2019/12/08 00:00:00",18,87,52463,0,3,"Turkish",0,"0","1","0","0","0",".",NA,NA,"1","1",0.25,"16","0","https://www.youtube.com/watch?v=azd0GxIb_L0",NA,NA
"Turkey","Izmir","Izmir",0,"2019/12/15 00:00:00",25,87,15311000,0,3,"Turkish",0,"0","1","0","0","0",".",NA,NA,NA,"1",0.125,"0","0","https://twitter.com/Istanbultelaviv/status/1206257131885907968",NA,NA
"Turkey","Konya",".",0,"2019/12/22 00:00:00",31,87,18698000,0,2,"Turkish",0,"0","0","0","0","0",".",NA,NA,"1","1",0.125,"0","0","https://twitter.com/dokuz8news/status/1207267107731333123?s=20",NA,NA
"UK","Bristol","England",0,"2019/11/29 00:00:00",10,9928,567111,1,1,"Spanish",1,"1","1","0","0","0","1","1","1","1","1",1,"0","0","https://twitter.com/ChileansB/status/1200556537300815878?s=20",NA,66836327
"UK","Cambridge","England",0,"2019/12/04 00:00:00",14,9928,124798,1,1,"Spanish",1,"1","1","0","0","0","1","1","1","1","1",1,"0","0","https://www.facebook.com/story.php?story_fbid=10157899463214304&id=637264303&paipv=0&eav=AfZ3yHw8qxGZEdCut3likBqdgC-hDOjr82919B984x7QonxRGJyWtESJI3UgeiQ5uvA&_rdr",NA,66836327
"UK","Edinburgh","Scotland",0,"2020/03/08 00:00:00",109,9928,645923,1,1,"English",0,"0","1","1","0","0","1",NA,"0","1","1",0.25,"0","0","https://www.facebook.com/watch/live/?v=2640185499395387&ref=watch_permalink",NA,66836327
"UK","Edinburgh","Scotland",0,"2019/12/14 00:00:00",22,9928,645923,1,1,"English",0,"0","1","1","0","0","1",NA,"0","1","1",0.25,"0","0","https://www.facebook.com/watch/live/?ref=watch_permalink&v=2640185499395387",NA,66836327
"UK","Glasgow","Scotland",0,"2020/03/08 00:00:00",109,9928,271843,1,2,"English",0,"0","1","1","0","0","1",NA,"0",NA,"1",0.125,"0","0","https://www.facebook.com/maria.manrique.3154/videos/2556062644509000/?_rdc=1&_rdr",NA,66836327
"UK","Leeds","England",0,"2019/12/08 00:00:00",18,9928,137810,1,1,"Spanish",1,"1","1","1","0","0","1",NA,"0",NA,"1",0.375,"16","0","https://twitter.com/search?q=leeds+%23lastesis&src=typed_query",NA,66836327
"UK","London","England",0,"2019/11/28 00:00:00",9,9928,158916,1,1,"Spanish",1,"1","1","1","0","0","1","1","1","1","1",1,"0","0","https://twitter.com/PavelRubioH1/status/1200445960259854338?s=20",NA,66836327
"UK","London","England",0,"2019/12/07 00:00:00",17,9928,11120000,1,1,"Spanish",1,"1","1","1","1","0","1","0","0","1","1",0.5,"0","0","https://www.youtube.com/watch?v=1sMBYZiMetI&feature=emb_logo,",NA,66836327
"UK","London","England",0,"2020/02/22 00:00:00",95,9928,11120000,1,2,"English",0,"0","1","0","0","0","1",NA,NA,"1","1",0.25,"10","0","https://www.facebook.com/womenstrike.uk/videos/666713344069927",NA,66836327
"UK","Manchester","England",0,"2019/12/04 00:00:00",14,9928,577405,1,1,"Spanish",1,"1","1","0","0","0","0","1","1","1","1",1,"0","0","https://www.youtube.com/watch?v=SItXkJLENqE&feature=youtu.be",NA,66836327
"UK","Manchester","England",0,"2020/02/10 00:00:00",82,9928,577405,1,2,"English",0,"0","1","0","0","0","0",NA,NA,NA,"1",0.125,"0","0","https://www.youtube.com/watch?v=AAUJ9TILHC0",NA,66836327
"UK","Oxford","England",0,"2019/12/22 00:00:00",32,9928,220020,1,1,"Spanish",1,"1","1","0","0","0","1","0","1","1","1",0.75,"0","0","https://www.youtube.com/watch?v=sUdQdBTJXVQ",NA,66836327
"Ukraine","Kiev","Kyyiv",0,"2020/03/08 00:00:00",109,5,308436,0,2,"ukrainian",0,"0","1","0","0","0",".",NA,"0","1","1",0.25,"0","0","https://www.youtube.com/watch?v=b15SRc6UNxM",NA,44474512
"Uruguay","Montevideo",NA,1,"2019/11/29 00:00:00",NA,NA,NA,NA,2,NA,NA,NA,NA,NA,NA,NA,NA,NA,NA,NA,NA,NA,NA,NA,"https://www.facebook.com/watch/live/?ref=watch_permalink&v=2470605163177839",NA,3428409
"Uruguay","Florida",NA,1,"2019/12/02 00:00:00",NA,NA,NA,NA,2,NA,NA,NA,NA,NA,NA,NA,NA,NA,NA,NA,NA,NA,NA,NA,"https://twitter.com/cotidianomujer/status/1201586221543280640?s=20",NA,3428409
"Uruguay","Paysandu",NA,1,"2019/12/15 00:00:00",NA,NA,NA,NA,2,NA,NA,NA,NA,NA,NA,NA,NA,NA,NA,NA,NA,NA,NA,NA,"https://www.instagram.com/tv/B6TW8hwAKdQ/?igshid=19nxz1emp039y",NA,3428409
"Uruguay","Maldonado",NA,1,"2019/12/18 00:00:00",NA,NA,NA,NA,2,NA,NA,NA,NA,NA,NA,NA,NA,NA,NA,NA,NA,NA,NA,NA,"https://www.facebook.com/colectivafeministamaldonado/photos?tab=album&album_id=2547231465545329",NA,3428409
"Uruguay","Piriapolis",NA,1,"2020/01/04 00:00:00",NA,NA,NA,NA,2,NA,NA,NA,NA,NA,NA,NA,NA,NA,NA,NA,NA,NA,NA,NA,"https://twitter.com/marcwasem/status/1213917314950844418",NA,3428409
"Uruguay","Valizas",NA,1,"2020/01/11 00:00:00",NA,NA,NA,NA,2,NA,NA,NA,NA,NA,NA,NA,NA,NA,NA,NA,NA,NA,NA,NA,"https://www.instagram.com/p/B7PmmTBA8Of/",NA,3428409
"Uruguay","San Jose",NA,1,"2020/02/08 00:00:00",NA,NA,NA,NA,2,NA,NA,NA,NA,NA,NA,NA,NA,NA,NA,NA,NA,NA,NA,NA,"https://www.facebook.com/watch/?v=2565661143713824&ref=sharing",NA,3428409
"Uruguay","Las Piedras",NA,1,"2020/03/08 00:00:00",NA,NA,NA,NA,2,NA,NA,NA,NA,NA,NA,NA,NA,NA,NA,NA,NA,NA,NA,NA,"https://www.facebook.com/100005125092773/posts/1506105946236894/",NA,3428409
"USA","Austin","Texas",0,"2019/12/04 00:00:00",14,138969,978908,0,1,"Spanish",1,"1","1","0","0","0","1","0","1","1","1",0.75,"0","0","https://www.youtube.com/watch?v=AJHaXfKchYs",NA,328329953
"USA","Boston","Massachusetts",0,"2019/12/08 00:00:00",18,138969,692600,1,1,"Spanish",1,"1","1","1","0","0","1","1","1","1","1",1,"16","0","https://twitter.com/ingridelena/status/1203488868386967553",NA,328329953
"USA","Chicago","Illinois",0,"2019/12/07 00:00:00",17,138969,2693976,1,1,"Spanish",1,"1","1","0","0","0","1","1","1","1","1",1,"0","0","https://www.youtube.com/watch?v=H_C5DWzF1Ys",NA,328329953
"USA","Los Angeles","California",0,"2019/12/08 00:00:00",18,138969,11120000,1,1,"Spanish",1,"1","1","1","0","0","1","1","1","1","1",1,"16","0","https://www.youtube.com/watch?v=oPtC48Aqo4w&t=5s",NA,328329953
"USA","Los Angeles","California",0,"2019/12/12 00:00:00",22,138969,11120000,1,2,"Spanish",1,"1","1","0","0","0","0",NA,NA,"1","1",0.5,"97","0","https://twitter.com/jackiereporter/status/1205260817060352000?s=09",NA,328329953
"USA","Miami","Florida",0,"2019/12/08 00:00:00",18,138969,868277,1,2,"Spanish",1,"1","1","1","1","0","1","1","1","1","1",1,"16","0","https://www.youtube.com/watch?v=N1_qWIf1ifQ&t=6s",NA,328329953
"USA","New Jersey","Nueva Jersey",0,"2020/02/27 00:00:00",99,138969,32819,0,3,"English",0,"0","1","0","0","0","1","1","0","1","1",0.5,"0","0","https://www.youtube.com/watch?v=dnUIvmOSBiE",NA,328329953
"USA","New York","Nueva York",0,"2019/11/29 00:00:00",9,138969,8336817,1,1,"Spanish",1,"1","1","0","1","0","0","1","1","1","1",1,"0","0","https://twitter.com/arolasuribe/status/1200518739093049344?s=19",NA,328329953
"USA","New York","Nueva York",0,"2019/12/07 00:00:00",17,138969,8336817,1,1,"Spanish",1,"1","1","1","1","1","1","1","1","1","1",1,"0","0","https://www.youtube.com/watch?time_continue=102&v=dUwL5iZqM9Q&feature=emb_logo",NA,328329953
"USA","New York","Nueva York",0,"2019/12/07 00:00:00",16,138969,8336817,1,1,"Spanish",1,"1","1","1","0","0","0","1","1","1","1",1,"0","0","https://www.youtube.com/watch?v=NM3tvE3-JCg",NA,328329953
"USA","New York","Nueva York",0,"2020/01/10 00:00:00",51,138969,8336817,1,2,"English",0,"0","1","0","0","0","1",NA,NA,NA,"1",0.125,"15","0","https://twitter.com/LaurenAratani/status/1215677180065341440",NA,328329953
"USA","New York","Nueva York",0,"2020/01/18 00:00:00",59,138969,262075,1,2,"English",0,"0","0","0","0","0","1",NA,NA,"1","1",0.125,"37","0","https://www.youtube.com/watch?v=fym_aQXRcuc",NA,328329953
"USA","New York","Nueva York",0,"2020/02/18 00:00:00",90,138969,8336817,1,2,"English",1,"0","1","0","0","0","1",NA,NA,"1","1",0.25,"10","0","https://www.youtube.com/watch?v=tM4dKFbQQlg",NA,328329953
"USA","Philadelphia","Pensilvania",0,"2019/11/30 00:00:00",10,138969,1584064,1,1,"Spanish",1,"1","1","0","0","0","1","1","1","1","1",1,"0","0","https://twitter.com/radiosoniderx/status/1200766417731309570?s=20",NA,328329953
"USA","Philadelphia","Pensilvania",0,"2019/12/09 00:00:00",19,138969,11027000,0,2,"English",0,"0","1","0","0","0","1",NA,NA,"1","1",0.25,"23","38","https://twitter.com/radiosoniderx/status/1200766417731309570?s=20",NA,328329953
"USA","Portland","Oregon",0,"2019/12/10 00:00:00",33,138969,83029,1,3,"Spanish",1,"1","1","0","0","0","1","1","1","1","1",1,"0","0","https://www.facebook.com/events/566666047239560/",NA,328329953
"USA","San Fransisco","California",0,"2019/12/10 00:00:00",20,138969,143978,1,1,"Spanish",1,"1","1","1","0","0","1","1","1","1","1",1,"35","22","https://www.youtube.com/watch?v=uWe8ZAt1OmM","https://www.elmostrador.cl/braga/2019/12/10/nada-las-detiene-mujeres-replican-bajo-la-lluvia-intervencion-un-violador-en-tu-camino-en-san-francisco/",328329953
"USA","Santa Barbara UCSB",NA,0,"2019/12/06 00:00:00",NA,NA,NA,NA,1,NA,NA,NA,NA,NA,NA,NA,NA,NA,NA,NA,NA,NA,NA,NA,"https://www.youtube.com/watch?v=XqDZrp3dcoY",NA,328329953
"USA","Seattle","Washington",0,"2019/12/01 00:00:00",11,138969,172044,1,1,"Spanish",1,"1","1","0","0","0","1","1","1","1","1",1,"25","0","https://twitter.com/beatroz/status/1201315424001871872?s=20",NA,328329953
"USA","Washington DC2","Washington",0,"2020/01/18 00:00:00",59,138969,705749,0,3,"Spanish",1,"1","1","0","0","0","1","1","0","1","1",0.75,"37","0","https://twitter.com/sarahsophief/status/1218629975366164480",NA,328329953
"USA","Washinton DC","Washington",0,"2019/12/15 00:00:00",25,138969,705749,0,1,"Spanish",1,"1","1","1","1","0","1",NA,NA,"1","1",0.5,"0","0","https://twitter.com/mlegrain/status/1206317876589842435",NA,328329953
"Venezuela","Caracas",NA,1,"2019/12/06 00:00:00",NA,NA,NA,NA,NA,NA,NA,NA,NA,NA,NA,NA,NA,NA,NA,NA,NA,NA,NA,NA,"https://twitter.com/entintavioleta/status/1203121217743536129",NA,NA
"Yemen","Sana'a",".",0,"2019/12/20 00:00:00",30,0,186665,0,2,"Arabic",0,"0","0","0","0","0","0",NA,NA,NA,"1",0,"0","0","https://twitter.com/BelqeesRights/status/1208061908206661639",NA,NA
NA,"Buenos Aires",NA,NA,NA,NA,NA,NA,NA,NA,NA,NA,NA,NA,NA,NA,NA,NA,NA,NA,NA,NA,NA,NA,NA,NA,NA,NA
NA,"Buenos Aires",NA,NA,NA,NA,NA,NA,NA,NA,NA,NA,NA,NA,NA,NA,NA,NA,NA,NA,NA,NA,NA,NA,NA,NA,NA,NA
NA,"Chihuahua",NA,NA,NA,NA,NA,NA,NA,NA,NA,NA,NA,NA,NA,NA,NA,NA,NA,NA,NA,NA,NA,NA,NA,NA,NA,NA
NA,"Imola",NA,NA,NA,NA,NA,NA,NA,NA,NA,NA,NA,NA,NA,NA,NA,NA,NA,NA,NA,NA,NA,NA,NA,"https://www.facebook.com/photo.php?fbid=2450854821692517&id=100003040706569&set=gm.867108230390637&source=44&paipv=0&eav=AfbrfrgT98SpkgaPH5MJL4zbBkVKo-5OLrG97R33DeHzkkgP6b-7JWKEhnzJEFMD_J4&_rdr",NA,NA
NA,"Istanbul",NA,NA,NA,NA,NA,NA,NA,NA,NA,NA,NA,NA,NA,NA,NA,NA,NA,NA,NA,NA,NA,NA,NA,NA,NA,NA
NA,"Veracruz",NA,NA,"2019/12/08 00:00:00",NA,NA,NA,NA,NA,NA,NA,NA,NA,NA,NA,NA,NA,NA,NA,NA,NA,NA,NA,NA,"https://www.facebook.com/watch/?v=1010410409319948",NA,NA
